id,sire,dam,gen,sex
1,NA,NA,0,1
2,NA,NA,0,2
3,NA,NA,0,1
4,NA,NA,0,2
5,NA,NA,0,1
6,NA,NA,0,2
7,NA,NA,0,1
8,NA,NA,0,2
9,NA,NA,0,1
10,NA,NA,0,2
11,NA,NA,0,1
12,NA,NA,0,2
13,NA,NA,0,1
14,NA,NA,0,2
15,NA,NA,0,1
16,NA,NA,0,2
17,NA,NA,0,1
18,NA,NA,0,2
19,NA,NA,0,1
20,NA,NA,0,2
21,NA,NA,0,1
22,NA,NA,0,2
23,NA,NA,0,1
24,NA,NA,0,2
25,NA,NA,0,1
26,NA,NA,0,2
27,NA,NA,0,1
28,NA,NA,0,2
29,NA,NA,0,1
30,NA,NA,0,2
31,NA,NA,0,1
32,NA,NA,0,2
33,NA,NA,0,1
34,NA,NA,0,2
35,NA,NA,0,1
36,NA,NA,0,2
37,NA,NA,0,1
38,NA,NA,0,2
39,NA,NA,0,1
40,NA,NA,0,2
41,NA,NA,0,1
42,NA,NA,0,2
43,NA,NA,0,1
44,NA,NA,0,2
45,NA,NA,0,1
46,NA,NA,0,2
47,NA,NA,0,1
48,NA,NA,0,2
49,NA,NA,0,1
50,NA,NA,0,2
51,NA,NA,0,1
52,NA,NA,0,2
53,NA,NA,0,1
54,NA,NA,0,2
55,NA,NA,0,1
56,NA,NA,0,2
57,NA,NA,0,1
58,NA,NA,0,2
59,NA,NA,0,1
60,NA,NA,0,2
61,NA,NA,0,1
62,NA,NA,0,2
63,NA,NA,0,1
64,NA,NA,0,2
65,NA,NA,0,1
66,NA,NA,0,2
67,NA,NA,0,1
68,NA,NA,0,2
69,NA,NA,0,1
70,NA,NA,0,2
71,NA,NA,0,1
72,NA,NA,0,2
73,NA,NA,0,1
74,NA,NA,0,2
75,NA,NA,0,1
76,NA,NA,0,2
77,NA,NA,0,1
78,NA,NA,0,2
79,NA,NA,0,1
80,NA,NA,0,2
81,NA,NA,0,1
82,NA,NA,0,2
83,NA,NA,0,1
84,NA,NA,0,2
85,NA,NA,0,1
86,NA,NA,0,2
87,NA,NA,0,1
88,NA,NA,0,2
89,NA,NA,0,1
90,NA,NA,0,2
91,NA,NA,0,1
92,NA,NA,0,2
93,NA,NA,0,1
94,NA,NA,0,2
95,NA,NA,0,1
96,NA,NA,0,2
97,NA,NA,0,1
98,NA,NA,0,2
99,NA,NA,0,1
100,NA,NA,0,2
101,NA,NA,0,1
102,NA,NA,0,2
103,NA,NA,0,1
104,NA,NA,0,2
105,NA,NA,0,1
106,NA,NA,0,2
107,NA,NA,0,1
108,NA,NA,0,2
109,NA,NA,0,1
110,NA,NA,0,2
111,NA,NA,0,1
112,NA,NA,0,2
113,NA,NA,0,1
114,NA,NA,0,2
115,NA,NA,0,1
116,NA,NA,0,2
117,NA,NA,0,1
118,NA,NA,0,2
119,NA,NA,0,1
120,NA,NA,0,2
121,NA,NA,0,1
122,NA,NA,0,2
123,NA,NA,0,1
124,NA,NA,0,2
125,NA,NA,0,1
126,NA,NA,0,2
127,NA,NA,0,1
128,NA,NA,0,2
129,NA,NA,0,1
130,NA,NA,0,2
131,NA,NA,0,1
132,NA,NA,0,2
133,NA,NA,0,1
134,NA,NA,0,2
135,NA,NA,0,1
136,NA,NA,0,2
137,NA,NA,0,1
138,NA,NA,0,2
139,NA,NA,0,1
140,NA,NA,0,2
141,NA,NA,0,1
142,NA,NA,0,2
143,NA,NA,0,1
144,NA,NA,0,2
145,NA,NA,0,1
146,NA,NA,0,2
147,NA,NA,0,1
148,NA,NA,0,2
149,NA,NA,0,1
150,NA,NA,0,2
151,NA,NA,0,1
152,NA,NA,0,2
153,NA,NA,0,1
154,NA,NA,0,2
155,NA,NA,0,1
156,NA,NA,0,2
157,NA,NA,0,1
158,NA,NA,0,2
159,NA,NA,0,1
160,NA,NA,0,2
161,NA,NA,0,1
162,NA,NA,0,2
163,NA,NA,0,1
164,NA,NA,0,2
165,NA,NA,0,1
166,NA,NA,0,2
167,NA,NA,0,1
168,NA,NA,0,2
169,NA,NA,0,1
170,NA,NA,0,2
171,NA,NA,0,1
172,NA,NA,0,2
173,NA,NA,0,1
174,NA,NA,0,2
175,NA,NA,0,1
176,NA,NA,0,2
177,NA,NA,0,1
178,NA,NA,0,2
179,NA,NA,0,1
180,NA,NA,0,2
181,NA,NA,0,1
182,NA,NA,0,2
183,NA,NA,0,1
184,NA,NA,0,2
185,NA,NA,0,1
186,NA,NA,0,2
187,NA,NA,0,1
188,NA,NA,0,2
189,NA,NA,0,1
190,NA,NA,0,2
191,NA,NA,0,1
192,NA,NA,0,2
193,NA,NA,0,1
194,NA,NA,0,2
195,NA,NA,0,1
196,NA,NA,0,2
197,NA,NA,0,1
198,NA,NA,0,2
199,NA,NA,0,1
200,NA,NA,0,2
201,NA,NA,0,1
202,NA,NA,0,2
203,NA,NA,0,1
204,NA,NA,0,2
205,NA,NA,0,1
206,NA,NA,0,2
207,NA,NA,0,1
208,NA,NA,0,2
209,NA,NA,0,1
210,NA,NA,0,2
211,NA,NA,0,1
212,NA,NA,0,2
213,NA,NA,0,1
214,NA,NA,0,2
215,NA,NA,0,1
216,NA,NA,0,2
217,NA,NA,0,1
218,NA,NA,0,2
219,NA,NA,0,1
220,NA,NA,0,2
221,NA,NA,0,1
222,NA,NA,0,2
223,NA,NA,0,1
224,NA,NA,0,2
225,NA,NA,0,1
226,NA,NA,0,2
227,NA,NA,0,1
228,NA,NA,0,2
229,NA,NA,0,1
230,NA,NA,0,2
231,NA,NA,0,1
232,NA,NA,0,2
233,NA,NA,0,1
234,NA,NA,0,2
235,NA,NA,0,1
236,NA,NA,0,2
237,NA,NA,0,1
238,NA,NA,0,2
239,NA,NA,0,1
240,NA,NA,0,2
241,NA,NA,0,1
242,NA,NA,0,2
243,NA,NA,0,1
244,NA,NA,0,2
245,NA,NA,0,1
246,NA,NA,0,2
247,NA,NA,0,1
248,NA,NA,0,2
249,NA,NA,0,1
250,NA,NA,0,2
251,NA,NA,0,1
252,NA,NA,0,2
253,NA,NA,0,1
254,NA,NA,0,2
255,NA,NA,0,1
256,NA,NA,0,2
257,NA,NA,0,1
258,NA,NA,0,2
259,NA,NA,0,1
260,NA,NA,0,2
261,NA,NA,0,1
262,NA,NA,0,2
263,NA,NA,0,1
264,NA,NA,0,2
265,NA,NA,0,1
266,NA,NA,0,2
267,NA,NA,0,1
268,NA,NA,0,2
269,NA,NA,0,1
270,NA,NA,0,2
271,NA,NA,0,1
272,NA,NA,0,2
273,NA,NA,0,1
274,NA,NA,0,2
275,NA,NA,0,1
276,NA,NA,0,2
277,NA,NA,0,1
278,NA,NA,0,2
279,NA,NA,0,1
280,NA,NA,0,2
281,NA,NA,0,1
282,NA,NA,0,2
283,NA,NA,0,1
284,NA,NA,0,2
285,NA,NA,0,1
286,NA,NA,0,2
287,NA,NA,0,1
288,NA,NA,0,2
289,NA,NA,0,1
290,NA,NA,0,2
291,NA,NA,0,1
292,NA,NA,0,2
293,NA,NA,0,1
294,NA,NA,0,2
295,NA,NA,0,1
296,NA,NA,0,2
297,NA,NA,0,1
298,NA,NA,0,2
299,NA,NA,0,1
300,NA,NA,0,2
301,NA,NA,0,1
302,NA,NA,0,2
303,NA,NA,0,1
304,NA,NA,0,2
305,NA,NA,0,1
306,NA,NA,0,2
307,NA,NA,0,1
308,NA,NA,0,2
309,NA,NA,0,1
310,NA,NA,0,2
311,NA,NA,0,1
312,NA,NA,0,2
313,NA,NA,0,1
314,NA,NA,0,2
315,NA,NA,0,1
316,NA,NA,0,2
317,NA,NA,0,1
318,NA,NA,0,2
319,NA,NA,0,1
320,NA,NA,0,2
321,NA,NA,0,1
322,NA,NA,0,2
323,NA,NA,0,1
324,NA,NA,0,2
325,NA,NA,0,1
326,NA,NA,0,2
327,NA,NA,0,1
328,NA,NA,0,2
329,NA,NA,0,1
330,NA,NA,0,2
331,NA,NA,0,1
332,NA,NA,0,2
333,NA,NA,0,1
334,NA,NA,0,2
335,NA,NA,0,1
336,NA,NA,0,2
337,NA,NA,0,1
338,NA,NA,0,2
339,NA,NA,0,1
340,NA,NA,0,2
341,NA,NA,0,1
342,NA,NA,0,2
343,NA,NA,0,1
344,NA,NA,0,2
345,NA,NA,0,1
346,NA,NA,0,2
347,NA,NA,0,1
348,NA,NA,0,2
349,NA,NA,0,1
350,NA,NA,0,2
351,NA,NA,0,1
352,NA,NA,0,2
353,NA,NA,0,1
354,NA,NA,0,2
355,NA,NA,0,1
356,NA,NA,0,2
357,NA,NA,0,1
358,NA,NA,0,2
359,NA,NA,0,1
360,NA,NA,0,2
361,NA,NA,0,1
362,NA,NA,0,2
363,NA,NA,0,1
364,NA,NA,0,2
365,NA,NA,0,1
366,NA,NA,0,2
367,NA,NA,0,1
368,NA,NA,0,2
369,NA,NA,0,1
370,NA,NA,0,2
371,NA,NA,0,1
372,NA,NA,0,2
373,NA,NA,0,1
374,NA,NA,0,2
375,NA,NA,0,1
376,NA,NA,0,2
377,NA,NA,0,1
378,NA,NA,0,2
379,NA,NA,0,1
380,NA,NA,0,2
381,NA,NA,0,1
382,NA,NA,0,2
383,NA,NA,0,1
384,NA,NA,0,2
385,NA,NA,0,1
386,NA,NA,0,2
387,NA,NA,0,1
388,NA,NA,0,2
389,NA,NA,0,1
390,NA,NA,0,2
391,NA,NA,0,1
392,NA,NA,0,2
393,NA,NA,0,1
394,NA,NA,0,2
395,NA,NA,0,1
396,NA,NA,0,2
397,NA,NA,0,1
398,NA,NA,0,2
399,NA,NA,0,1
400,NA,NA,0,2
401,313,318,1,1
402,313,318,1,2
403,313,318,1,1
404,313,318,1,2
405,313,318,1,1
406,313,318,1,2
407,313,318,1,1
408,313,318,1,2
409,313,104,1,1
410,313,104,1,2
411,313,104,1,1
412,313,104,1,2
413,313,104,1,1
414,313,104,1,2
415,313,104,1,1
416,313,104,1,2
417,313,272,1,1
418,313,272,1,2
419,313,272,1,1
420,313,272,1,2
421,313,272,1,1
422,313,272,1,2
423,313,272,1,1
424,313,272,1,2
425,313,260,1,1
426,313,260,1,2
427,313,260,1,1
428,313,260,1,2
429,313,260,1,1
430,313,260,1,2
431,313,260,1,1
432,313,260,1,2
433,313,292,1,1
434,313,292,1,2
435,313,292,1,1
436,313,292,1,2
437,313,292,1,1
438,313,292,1,2
439,313,292,1,1
440,313,292,1,2
441,31,22,1,1
442,31,22,1,2
443,31,22,1,1
444,31,22,1,2
445,31,22,1,1
446,31,22,1,2
447,31,22,1,1
448,31,22,1,2
449,31,186,1,1
450,31,186,1,2
451,31,186,1,1
452,31,186,1,2
453,31,186,1,1
454,31,186,1,2
455,31,186,1,1
456,31,186,1,2
457,31,306,1,1
458,31,306,1,2
459,31,306,1,1
460,31,306,1,2
461,31,306,1,1
462,31,306,1,2
463,31,306,1,1
464,31,306,1,2
465,31,190,1,1
466,31,190,1,2
467,31,190,1,1
468,31,190,1,2
469,31,190,1,1
470,31,190,1,2
471,31,190,1,1
472,31,190,1,2
473,31,278,1,1
474,31,278,1,2
475,31,278,1,1
476,31,278,1,2
477,31,278,1,1
478,31,278,1,2
479,31,278,1,1
480,31,278,1,2
481,339,52,1,1
482,339,52,1,2
483,339,52,1,1
484,339,52,1,2
485,339,52,1,1
486,339,52,1,2
487,339,52,1,1
488,339,52,1,2
489,339,20,1,1
490,339,20,1,2
491,339,20,1,1
492,339,20,1,2
493,339,20,1,1
494,339,20,1,2
495,339,20,1,1
496,339,20,1,2
497,339,254,1,1
498,339,254,1,2
499,339,254,1,1
500,339,254,1,2
501,339,254,1,1
502,339,254,1,2
503,339,254,1,1
504,339,254,1,2
505,339,266,1,1
506,339,266,1,2
507,339,266,1,1
508,339,266,1,2
509,339,266,1,1
510,339,266,1,2
511,339,266,1,1
512,339,266,1,2
513,339,394,1,1
514,339,394,1,2
515,339,394,1,1
516,339,394,1,2
517,339,394,1,1
518,339,394,1,2
519,339,394,1,1
520,339,394,1,2
521,25,232,1,1
522,25,232,1,2
523,25,232,1,1
524,25,232,1,2
525,25,232,1,1
526,25,232,1,2
527,25,232,1,1
528,25,232,1,2
529,25,118,1,1
530,25,118,1,2
531,25,118,1,1
532,25,118,1,2
533,25,118,1,1
534,25,118,1,2
535,25,118,1,1
536,25,118,1,2
537,25,302,1,1
538,25,302,1,2
539,25,302,1,1
540,25,302,1,2
541,25,302,1,1
542,25,302,1,2
543,25,302,1,1
544,25,302,1,2
545,25,120,1,1
546,25,120,1,2
547,25,120,1,1
548,25,120,1,2
549,25,120,1,1
550,25,120,1,2
551,25,120,1,1
552,25,120,1,2
553,25,74,1,1
554,25,74,1,2
555,25,74,1,1
556,25,74,1,2
557,25,74,1,1
558,25,74,1,2
559,25,74,1,1
560,25,74,1,2
561,229,236,1,1
562,229,236,1,2
563,229,236,1,1
564,229,236,1,2
565,229,236,1,1
566,229,236,1,2
567,229,236,1,1
568,229,236,1,2
569,229,36,1,1
570,229,36,1,2
571,229,36,1,1
572,229,36,1,2
573,229,36,1,1
574,229,36,1,2
575,229,36,1,1
576,229,36,1,2
577,229,166,1,1
578,229,166,1,2
579,229,166,1,1
580,229,166,1,2
581,229,166,1,1
582,229,166,1,2
583,229,166,1,1
584,229,166,1,2
585,229,146,1,1
586,229,146,1,2
587,229,146,1,1
588,229,146,1,2
589,229,146,1,1
590,229,146,1,2
591,229,146,1,1
592,229,146,1,2
593,229,340,1,1
594,229,340,1,2
595,229,340,1,1
596,229,340,1,2
597,229,340,1,1
598,229,340,1,2
599,229,340,1,1
600,229,340,1,2
601,1,234,1,1
602,1,234,1,2
603,1,234,1,1
604,1,234,1,2
605,1,234,1,1
606,1,234,1,2
607,1,234,1,1
608,1,234,1,2
609,1,24,1,1
610,1,24,1,2
611,1,24,1,1
612,1,24,1,2
613,1,24,1,1
614,1,24,1,2
615,1,24,1,1
616,1,24,1,2
617,1,64,1,1
618,1,64,1,2
619,1,64,1,1
620,1,64,1,2
621,1,64,1,1
622,1,64,1,2
623,1,64,1,1
624,1,64,1,2
625,1,10,1,1
626,1,10,1,2
627,1,10,1,1
628,1,10,1,2
629,1,10,1,1
630,1,10,1,2
631,1,10,1,1
632,1,10,1,2
633,1,62,1,1
634,1,62,1,2
635,1,62,1,1
636,1,62,1,2
637,1,62,1,1
638,1,62,1,2
639,1,62,1,1
640,1,62,1,2
641,201,344,1,1
642,201,344,1,2
643,201,344,1,1
644,201,344,1,2
645,201,344,1,1
646,201,344,1,2
647,201,344,1,1
648,201,344,1,2
649,201,282,1,1
650,201,282,1,2
651,201,282,1,1
652,201,282,1,2
653,201,282,1,1
654,201,282,1,2
655,201,282,1,1
656,201,282,1,2
657,201,288,1,1
658,201,288,1,2
659,201,288,1,1
660,201,288,1,2
661,201,288,1,1
662,201,288,1,2
663,201,288,1,1
664,201,288,1,2
665,201,364,1,1
666,201,364,1,2
667,201,364,1,1
668,201,364,1,2
669,201,364,1,1
670,201,364,1,2
671,201,364,1,1
672,201,364,1,2
673,201,346,1,1
674,201,346,1,2
675,201,346,1,1
676,201,346,1,2
677,201,346,1,1
678,201,346,1,2
679,201,346,1,1
680,201,346,1,2
681,117,76,1,1
682,117,76,1,2
683,117,76,1,1
684,117,76,1,2
685,117,76,1,1
686,117,76,1,2
687,117,76,1,1
688,117,76,1,2
689,117,238,1,1
690,117,238,1,2
691,117,238,1,1
692,117,238,1,2
693,117,238,1,1
694,117,238,1,2
695,117,238,1,1
696,117,238,1,2
697,117,388,1,1
698,117,388,1,2
699,117,388,1,1
700,117,388,1,2
701,117,388,1,1
702,117,388,1,2
703,117,388,1,1
704,117,388,1,2
705,117,130,1,1
706,117,130,1,2
707,117,130,1,1
708,117,130,1,2
709,117,130,1,1
710,117,130,1,2
711,117,130,1,1
712,117,130,1,2
713,117,192,1,1
714,117,192,1,2
715,117,192,1,1
716,117,192,1,2
717,117,192,1,1
718,117,192,1,2
719,117,192,1,1
720,117,192,1,2
721,217,310,1,1
722,217,310,1,2
723,217,310,1,1
724,217,310,1,2
725,217,310,1,1
726,217,310,1,2
727,217,310,1,1
728,217,310,1,2
729,217,248,1,1
730,217,248,1,2
731,217,248,1,1
732,217,248,1,2
733,217,248,1,1
734,217,248,1,2
735,217,248,1,1
736,217,248,1,2
737,217,208,1,1
738,217,208,1,2
739,217,208,1,1
740,217,208,1,2
741,217,208,1,1
742,217,208,1,2
743,217,208,1,1
744,217,208,1,2
745,217,380,1,1
746,217,380,1,2
747,217,380,1,1
748,217,380,1,2
749,217,380,1,1
750,217,380,1,2
751,217,380,1,1
752,217,380,1,2
753,217,138,1,1
754,217,138,1,2
755,217,138,1,1
756,217,138,1,2
757,217,138,1,1
758,217,138,1,2
759,217,138,1,1
760,217,138,1,2
761,255,6,1,1
762,255,6,1,2
763,255,6,1,1
764,255,6,1,2
765,255,6,1,1
766,255,6,1,2
767,255,6,1,1
768,255,6,1,2
769,255,90,1,1
770,255,90,1,2
771,255,90,1,1
772,255,90,1,2
773,255,90,1,1
774,255,90,1,2
775,255,90,1,1
776,255,90,1,2
777,255,106,1,1
778,255,106,1,2
779,255,106,1,1
780,255,106,1,2
781,255,106,1,1
782,255,106,1,2
783,255,106,1,1
784,255,106,1,2
785,255,250,1,1
786,255,250,1,2
787,255,250,1,1
788,255,250,1,2
789,255,250,1,1
790,255,250,1,2
791,255,250,1,1
792,255,250,1,2
793,255,86,1,1
794,255,86,1,2
795,255,86,1,1
796,255,86,1,2
797,255,86,1,1
798,255,86,1,2
799,255,86,1,1
800,255,86,1,2
801,563,702,2,1
802,563,702,2,2
803,563,702,2,1
804,563,702,2,2
805,563,702,2,1
806,563,702,2,2
807,563,702,2,1
808,563,702,2,2
809,563,410,2,1
810,563,410,2,2
811,563,410,2,1
812,563,410,2,2
813,563,410,2,1
814,563,410,2,2
815,563,410,2,1
816,563,410,2,2
817,563,412,2,1
818,563,412,2,2
819,563,412,2,1
820,563,412,2,2
821,563,412,2,1
822,563,412,2,2
823,563,412,2,1
824,563,412,2,2
825,563,484,2,1
826,563,484,2,2
827,563,484,2,1
828,563,484,2,2
829,563,484,2,1
830,563,484,2,2
831,563,484,2,1
832,563,484,2,2
833,563,594,2,1
834,563,594,2,2
835,563,594,2,1
836,563,594,2,2
837,563,594,2,1
838,563,594,2,2
839,563,594,2,1
840,563,594,2,2
841,437,700,2,1
842,437,700,2,2
843,437,700,2,1
844,437,700,2,2
845,437,700,2,1
846,437,700,2,2
847,437,700,2,1
848,437,700,2,2
849,437,708,2,1
850,437,708,2,2
851,437,708,2,1
852,437,708,2,2
853,437,708,2,1
854,437,708,2,2
855,437,708,2,1
856,437,708,2,2
857,437,718,2,1
858,437,718,2,2
859,437,718,2,1
860,437,718,2,2
861,437,718,2,1
862,437,718,2,2
863,437,718,2,1
864,437,718,2,2
865,437,440,2,1
866,437,440,2,2
867,437,440,2,1
868,437,440,2,2
869,437,440,2,1
870,437,440,2,2
871,437,440,2,1
872,437,440,2,2
873,437,698,2,1
874,437,698,2,2
875,437,698,2,1
876,437,698,2,2
877,437,698,2,1
878,437,698,2,2
879,437,698,2,1
880,437,698,2,2
881,599,684,2,1
882,599,684,2,2
883,599,684,2,1
884,599,684,2,2
885,599,684,2,1
886,599,684,2,2
887,599,684,2,1
888,599,684,2,2
889,599,568,2,1
890,599,568,2,2
891,599,568,2,1
892,599,568,2,2
893,599,568,2,1
894,599,568,2,2
895,599,568,2,1
896,599,568,2,2
897,599,510,2,1
898,599,510,2,2
899,599,510,2,1
900,599,510,2,2
901,599,510,2,1
902,599,510,2,2
903,599,510,2,1
904,599,510,2,2
905,599,508,2,1
906,599,508,2,2
907,599,508,2,1
908,599,508,2,2
909,599,508,2,1
910,599,508,2,2
911,599,508,2,1
912,599,508,2,2
913,599,424,2,1
914,599,424,2,2
915,599,424,2,1
916,599,424,2,2
917,599,424,2,1
918,599,424,2,2
919,599,424,2,1
920,599,424,2,2
921,715,408,2,1
922,715,408,2,2
923,715,408,2,1
924,715,408,2,2
925,715,408,2,1
926,715,408,2,2
927,715,408,2,1
928,715,408,2,2
929,715,626,2,1
930,715,626,2,2
931,715,626,2,1
932,715,626,2,2
933,715,626,2,1
934,715,626,2,2
935,715,626,2,1
936,715,626,2,2
937,715,506,2,1
938,715,506,2,2
939,715,506,2,1
940,715,506,2,2
941,715,506,2,1
942,715,506,2,2
943,715,506,2,1
944,715,506,2,2
945,715,580,2,1
946,715,580,2,2
947,715,580,2,1
948,715,580,2,2
949,715,580,2,1
950,715,580,2,2
951,715,580,2,1
952,715,580,2,2
953,715,704,2,1
954,715,704,2,2
955,715,704,2,1
956,715,704,2,2
957,715,704,2,1
958,715,704,2,2
959,715,704,2,1
960,715,704,2,2
961,509,584,2,1
962,509,584,2,2
963,509,584,2,1
964,509,584,2,2
965,509,584,2,1
966,509,584,2,2
967,509,584,2,1
968,509,584,2,2
969,509,514,2,1
970,509,514,2,2
971,509,514,2,1
972,509,514,2,2
973,509,514,2,1
974,509,514,2,2
975,509,514,2,1
976,509,514,2,2
977,509,740,2,1
978,509,740,2,2
979,509,740,2,1
980,509,740,2,2
981,509,740,2,1
982,509,740,2,2
983,509,740,2,1
984,509,740,2,2
985,509,566,2,1
986,509,566,2,2
987,509,566,2,1
988,509,566,2,2
989,509,566,2,1
990,509,566,2,2
991,509,566,2,1
992,509,566,2,2
993,509,728,2,1
994,509,728,2,2
995,509,728,2,1
996,509,728,2,2
997,509,728,2,1
998,509,728,2,2
999,509,728,2,1
1000,509,728,2,2
1001,583,564,2,1
1002,583,564,2,2
1003,583,564,2,1
1004,583,564,2,2
1005,583,564,2,1
1006,583,564,2,2
1007,583,564,2,1
1008,583,564,2,2
1009,583,516,2,1
1010,583,516,2,2
1011,583,516,2,1
1012,583,516,2,2
1013,583,516,2,1
1014,583,516,2,2
1015,583,516,2,1
1016,583,516,2,2
1017,583,434,2,1
1018,583,434,2,2
1019,583,434,2,1
1020,583,434,2,2
1021,583,434,2,1
1022,583,434,2,2
1023,583,434,2,1
1024,583,434,2,2
1025,583,720,2,1
1026,583,720,2,2
1027,583,720,2,1
1028,583,720,2,2
1029,583,720,2,1
1030,583,720,2,2
1031,583,720,2,1
1032,583,720,2,2
1033,583,488,2,1
1034,583,488,2,2
1035,583,488,2,1
1036,583,488,2,2
1037,583,488,2,1
1038,583,488,2,2
1039,583,488,2,1
1040,583,488,2,2
1041,511,520,2,1
1042,511,520,2,2
1043,511,520,2,1
1044,511,520,2,2
1045,511,520,2,1
1046,511,520,2,2
1047,511,520,2,1
1048,511,520,2,2
1049,511,414,2,1
1050,511,414,2,2
1051,511,414,2,1
1052,511,414,2,2
1053,511,414,2,1
1054,511,414,2,2
1055,511,414,2,1
1056,511,414,2,2
1057,511,714,2,1
1058,511,714,2,2
1059,511,714,2,1
1060,511,714,2,2
1061,511,714,2,1
1062,511,714,2,2
1063,511,714,2,1
1064,511,714,2,2
1065,511,586,2,1
1066,511,586,2,2
1067,511,586,2,1
1068,511,586,2,2
1069,511,586,2,1
1070,511,586,2,2
1071,511,586,2,1
1072,511,586,2,2
1073,511,438,2,1
1074,511,438,2,2
1075,511,438,2,1
1076,511,438,2,2
1077,511,438,2,1
1078,511,438,2,2
1079,511,438,2,1
1080,511,438,2,2
1081,561,518,2,1
1082,561,518,2,2
1083,561,518,2,1
1084,561,518,2,2
1085,561,518,2,1
1086,561,518,2,2
1087,561,518,2,1
1088,561,518,2,2
1089,561,706,2,1
1090,561,706,2,2
1091,561,706,2,1
1092,561,706,2,2
1093,561,706,2,1
1094,561,706,2,2
1095,561,706,2,1
1096,561,706,2,2
1097,561,614,2,1
1098,561,614,2,2
1099,561,614,2,1
1100,561,614,2,2
1101,561,614,2,1
1102,561,614,2,2
1103,561,614,2,1
1104,561,614,2,2
1105,561,598,2,1
1106,561,598,2,2
1107,561,598,2,1
1108,561,598,2,2
1109,561,598,2,1
1110,561,598,2,2
1111,561,598,2,1
1112,561,598,2,2
1113,561,596,2,1
1114,561,596,2,2
1115,561,596,2,1
1116,561,596,2,2
1117,561,596,2,1
1118,561,596,2,2
1119,561,596,2,1
1120,561,596,2,2
1121,501,504,2,1
1122,501,504,2,2
1123,501,504,2,1
1124,501,504,2,2
1125,501,504,2,1
1126,501,504,2,2
1127,501,504,2,1
1128,501,504,2,2
1129,501,404,2,1
1130,501,404,2,2
1131,501,404,2,1
1132,501,404,2,2
1133,501,404,2,1
1134,501,404,2,2
1135,501,404,2,1
1136,501,404,2,2
1137,501,502,2,1
1138,501,502,2,2
1139,501,502,2,1
1140,501,502,2,2
1141,501,502,2,1
1142,501,502,2,2
1143,501,502,2,1
1144,501,502,2,2
1145,501,512,2,1
1146,501,512,2,2
1147,501,512,2,1
1148,501,512,2,2
1149,501,512,2,1
1150,501,512,2,2
1151,501,512,2,1
1152,501,512,2,2
1153,501,500,2,1
1154,501,500,2,2
1155,501,500,2,1
1156,501,500,2,2
1157,501,500,2,1
1158,501,500,2,2
1159,501,500,2,1
1160,501,500,2,2
1161,505,690,2,1
1162,505,690,2,2
1163,505,690,2,1
1164,505,690,2,2
1165,505,690,2,1
1166,505,690,2,2
1167,505,690,2,1
1168,505,690,2,2
1169,505,562,2,1
1170,505,562,2,2
1171,505,562,2,1
1172,505,562,2,2
1173,505,562,2,1
1174,505,562,2,2
1175,505,562,2,1
1176,505,562,2,2
1177,505,748,2,1
1178,505,748,2,2
1179,505,748,2,1
1180,505,748,2,2
1181,505,748,2,1
1182,505,748,2,2
1183,505,748,2,1
1184,505,748,2,2
1185,505,696,2,1
1186,505,696,2,2
1187,505,696,2,1
1188,505,696,2,2
1189,505,696,2,1
1190,505,696,2,2
1191,505,696,2,1
1192,505,696,2,2
1193,505,406,2,1
1194,505,406,2,2
1195,505,406,2,1
1196,505,406,2,2
1197,505,406,2,1
1198,505,406,2,2
1199,505,406,2,1
1200,505,406,2,2
1201,1123,842,3,1
1202,1123,842,3,2
1203,1123,842,3,1
1204,1123,842,3,2
1205,1123,842,3,1
1206,1123,842,3,2
1207,1123,842,3,1
1208,1123,842,3,2
1209,1123,1142,3,1
1210,1123,1142,3,2
1211,1123,1142,3,1
1212,1123,1142,3,2
1213,1123,1142,3,1
1214,1123,1142,3,2
1215,1123,1142,3,1
1216,1123,1142,3,2
1217,1123,1176,3,1
1218,1123,1176,3,2
1219,1123,1176,3,1
1220,1123,1176,3,2
1221,1123,1176,3,1
1222,1123,1176,3,2
1223,1123,1176,3,1
1224,1123,1176,3,2
1225,1123,894,3,1
1226,1123,894,3,2
1227,1123,894,3,1
1228,1123,894,3,2
1229,1123,894,3,1
1230,1123,894,3,2
1231,1123,894,3,1
1232,1123,894,3,2
1233,1123,838,3,1
1234,1123,838,3,2
1235,1123,838,3,1
1236,1123,838,3,2
1237,1123,838,3,1
1238,1123,838,3,2
1239,1123,838,3,1
1240,1123,838,3,2
1241,903,1130,3,1
1242,903,1130,3,2
1243,903,1130,3,1
1244,903,1130,3,2
1245,903,1130,3,1
1246,903,1130,3,2
1247,903,1130,3,1
1248,903,1130,3,2
1249,903,1122,3,1
1250,903,1122,3,2
1251,903,1122,3,1
1252,903,1122,3,2
1253,903,1122,3,1
1254,903,1122,3,2
1255,903,1122,3,1
1256,903,1122,3,2
1257,903,834,3,1
1258,903,834,3,2
1259,903,834,3,1
1260,903,834,3,2
1261,903,834,3,1
1262,903,834,3,2
1263,903,834,3,1
1264,903,834,3,2
1265,903,956,3,1
1266,903,956,3,2
1267,903,956,3,1
1268,903,956,3,2
1269,903,956,3,1
1270,903,956,3,2
1271,903,956,3,1
1272,903,956,3,2
1273,903,912,3,1
1274,903,912,3,2
1275,903,912,3,1
1276,903,912,3,2
1277,903,912,3,1
1278,903,912,3,2
1279,903,912,3,1
1280,903,912,3,2
1281,1125,1128,3,1
1282,1125,1128,3,2
1283,1125,1128,3,1
1284,1125,1128,3,2
1285,1125,1128,3,1
1286,1125,1128,3,2
1287,1125,1128,3,1
1288,1125,1128,3,2
1289,1125,1124,3,1
1290,1125,1124,3,2
1291,1125,1124,3,1
1292,1125,1124,3,2
1293,1125,1124,3,1
1294,1125,1124,3,2
1295,1125,1124,3,1
1296,1125,1124,3,2
1297,1125,1020,3,1
1298,1125,1020,3,2
1299,1125,1020,3,1
1300,1125,1020,3,2
1301,1125,1020,3,1
1302,1125,1020,3,2
1303,1125,1020,3,1
1304,1125,1020,3,2
1305,1125,900,3,1
1306,1125,900,3,2
1307,1125,900,3,1
1308,1125,900,3,2
1309,1125,900,3,1
1310,1125,900,3,2
1311,1125,900,3,1
1312,1125,900,3,2
1313,1125,1194,3,1
1314,1125,1194,3,2
1315,1125,1194,3,1
1316,1125,1194,3,2
1317,1125,1194,3,1
1318,1125,1194,3,2
1319,1125,1194,3,1
1320,1125,1194,3,2
1321,1151,840,3,1
1322,1151,840,3,2
1323,1151,840,3,1
1324,1151,840,3,2
1325,1151,840,3,1
1326,1151,840,3,2
1327,1151,840,3,1
1328,1151,840,3,2
1329,1151,806,3,1
1330,1151,806,3,2
1331,1151,806,3,1
1332,1151,806,3,2
1333,1151,806,3,1
1334,1151,806,3,2
1335,1151,806,3,1
1336,1151,806,3,2
1337,1151,1100,3,1
1338,1151,1100,3,2
1339,1151,1100,3,1
1340,1151,1100,3,2
1341,1151,1100,3,1
1342,1151,1100,3,2
1343,1151,1100,3,1
1344,1151,1100,3,2
1345,1151,938,3,1
1346,1151,938,3,2
1347,1151,938,3,1
1348,1151,938,3,2
1349,1151,938,3,1
1350,1151,938,3,2
1351,1151,938,3,1
1352,1151,938,3,2
1353,1151,1116,3,1
1354,1151,1116,3,2
1355,1151,1116,3,1
1356,1151,1116,3,2
1357,1151,1116,3,1
1358,1151,1116,3,2
1359,1151,1116,3,1
1360,1151,1116,3,2
1361,835,1008,3,1
1362,835,1008,3,2
1363,835,1008,3,1
1364,835,1008,3,2
1365,835,1008,3,1
1366,835,1008,3,2
1367,835,1008,3,1
1368,835,1008,3,2
1369,835,906,3,1
1370,835,906,3,2
1371,835,906,3,1
1372,835,906,3,2
1373,835,906,3,1
1374,835,906,3,2
1375,835,906,3,1
1376,835,906,3,2
1377,835,1012,3,1
1378,835,1012,3,2
1379,835,1012,3,1
1380,835,1012,3,2
1381,835,1012,3,1
1382,835,1012,3,2
1383,835,1012,3,1
1384,835,1012,3,2
1385,835,1146,3,1
1386,835,1146,3,2
1387,835,1146,3,1
1388,835,1146,3,2
1389,835,1146,3,1
1390,835,1146,3,2
1391,835,1146,3,1
1392,835,1146,3,2
1393,835,904,3,1
1394,835,904,3,2
1395,835,904,3,1
1396,835,904,3,2
1397,835,904,3,1
1398,835,904,3,2
1399,835,904,3,1
1400,835,904,3,2
1401,1197,902,3,1
1402,1197,902,3,2
1403,1197,902,3,1
1404,1197,902,3,2
1405,1197,902,3,1
1406,1197,902,3,2
1407,1197,902,3,1
1408,1197,902,3,2
1409,1197,1152,3,1
1410,1197,1152,3,2
1411,1197,1152,3,1
1412,1197,1152,3,2
1413,1197,1152,3,1
1414,1197,1152,3,2
1415,1197,1152,3,1
1416,1197,1152,3,2
1417,1197,1144,3,1
1418,1197,1144,3,2
1419,1197,1144,3,1
1420,1197,1144,3,2
1421,1197,1144,3,1
1422,1197,1144,3,2
1423,1197,1144,3,1
1424,1197,1144,3,2
1425,1197,954,3,1
1426,1197,954,3,2
1427,1197,954,3,1
1428,1197,954,3,2
1429,1197,954,3,1
1430,1197,954,3,2
1431,1197,954,3,1
1432,1197,954,3,2
1433,1197,1030,3,1
1434,1197,1030,3,2
1435,1197,1030,3,1
1436,1197,1030,3,2
1437,1197,1030,3,1
1438,1197,1030,3,2
1439,1197,1030,3,1
1440,1197,1030,3,2
1441,1173,1126,3,1
1442,1173,1126,3,2
1443,1173,1126,3,1
1444,1173,1126,3,2
1445,1173,1126,3,1
1446,1173,1126,3,2
1447,1173,1126,3,1
1448,1173,1126,3,2
1449,1173,1108,3,1
1450,1173,1108,3,2
1451,1173,1108,3,1
1452,1173,1108,3,2
1453,1173,1108,3,1
1454,1173,1108,3,2
1455,1173,1108,3,1
1456,1173,1108,3,2
1457,1173,1150,3,1
1458,1173,1150,3,2
1459,1173,1150,3,1
1460,1173,1150,3,2
1461,1173,1150,3,1
1462,1173,1150,3,2
1463,1173,1150,3,1
1464,1173,1150,3,2
1465,1173,898,3,1
1466,1173,898,3,2
1467,1173,898,3,1
1468,1173,898,3,2
1469,1173,898,3,1
1470,1173,898,3,2
1471,1173,898,3,1
1472,1173,898,3,2
1473,1173,1132,3,1
1474,1173,1132,3,2
1475,1173,1132,3,1
1476,1173,1132,3,2
1477,1173,1132,3,1
1478,1173,1132,3,2
1479,1173,1132,3,1
1480,1173,1132,3,2
1481,1145,1114,3,1
1482,1145,1114,3,2
1483,1145,1114,3,1
1484,1145,1114,3,2
1485,1145,1114,3,1
1486,1145,1114,3,2
1487,1145,1114,3,1
1488,1145,1114,3,2
1489,1145,1196,3,1
1490,1145,1196,3,2
1491,1145,1196,3,1
1492,1145,1196,3,2
1493,1145,1196,3,1
1494,1145,1196,3,2
1495,1145,1196,3,1
1496,1145,1196,3,2
1497,1145,896,3,1
1498,1145,896,3,2
1499,1145,896,3,1
1500,1145,896,3,2
1501,1145,896,3,1
1502,1145,896,3,2
1503,1145,896,3,1
1504,1145,896,3,2
1505,1145,802,3,1
1506,1145,802,3,2
1507,1145,802,3,1
1508,1145,802,3,2
1509,1145,802,3,1
1510,1145,802,3,2
1511,1145,802,3,1
1512,1145,802,3,2
1513,1145,1134,3,1
1514,1145,1134,3,2
1515,1145,1134,3,1
1516,1145,1134,3,2
1517,1145,1134,3,1
1518,1145,1134,3,2
1519,1145,1134,3,1
1520,1145,1134,3,2
1521,837,832,3,1
1522,837,832,3,2
1523,837,832,3,1
1524,837,832,3,2
1525,837,832,3,1
1526,837,832,3,2
1527,837,832,3,1
1528,837,832,3,2
1529,837,910,3,1
1530,837,910,3,2
1531,837,910,3,1
1532,837,910,3,2
1533,837,910,3,1
1534,837,910,3,2
1535,837,910,3,1
1536,837,910,3,2
1537,837,1058,3,1
1538,837,1058,3,2
1539,837,1058,3,1
1540,837,1058,3,2
1541,837,1058,3,1
1542,837,1058,3,2
1543,837,1058,3,1
1544,837,1058,3,2
1545,837,822,3,1
1546,837,822,3,2
1547,837,822,3,1
1548,837,822,3,2
1549,837,822,3,1
1550,837,822,3,2
1551,837,822,3,1
1552,837,822,3,2
1553,837,1018,3,1
1554,837,1018,3,2
1555,837,1018,3,1
1556,837,1018,3,2
1557,837,1018,3,1
1558,837,1018,3,2
1559,837,1018,3,1
1560,837,1018,3,2
1561,1147,1024,3,1
1562,1147,1024,3,2
1563,1147,1024,3,1
1564,1147,1024,3,2
1565,1147,1024,3,1
1566,1147,1024,3,2
1567,1147,1024,3,1
1568,1147,1024,3,2
1569,1147,972,3,1
1570,1147,972,3,2
1571,1147,972,3,1
1572,1147,972,3,2
1573,1147,972,3,1
1574,1147,972,3,2
1575,1147,972,3,1
1576,1147,972,3,2
1577,1147,1138,3,1
1578,1147,1138,3,2
1579,1147,1138,3,1
1580,1147,1138,3,2
1581,1147,1138,3,1
1582,1147,1138,3,2
1583,1147,1138,3,1
1584,1147,1138,3,2
1585,1147,1162,3,1
1586,1147,1162,3,2
1587,1147,1162,3,1
1588,1147,1162,3,2
1589,1147,1162,3,1
1590,1147,1162,3,2
1591,1147,1162,3,1
1592,1147,1162,3,2
1593,1147,1032,3,1
1594,1147,1032,3,2
1595,1147,1032,3,1
1596,1147,1032,3,2
1597,1147,1032,3,1
1598,1147,1032,3,2
1599,1147,1032,3,1
1600,1147,1032,3,2
1601,1561,1482,4,1
1602,1561,1482,4,2
1603,1561,1482,4,1
1604,1561,1482,4,2
1605,1561,1482,4,1
1606,1561,1482,4,2
1607,1561,1482,4,1
1608,1561,1482,4,2
1609,1561,1486,4,1
1610,1561,1486,4,2
1611,1561,1486,4,1
1612,1561,1486,4,2
1613,1561,1486,4,1
1614,1561,1486,4,2
1615,1561,1486,4,1
1616,1561,1486,4,2
1617,1561,1560,4,1
1618,1561,1560,4,2
1619,1561,1560,4,1
1620,1561,1560,4,2
1621,1561,1560,4,1
1622,1561,1560,4,2
1623,1561,1560,4,1
1624,1561,1560,4,2
1625,1561,1218,4,1
1626,1561,1218,4,2
1627,1561,1218,4,1
1628,1561,1218,4,2
1629,1561,1218,4,1
1630,1561,1218,4,2
1631,1561,1218,4,1
1632,1561,1218,4,2
1633,1561,1584,4,1
1634,1561,1584,4,2
1635,1561,1584,4,1
1636,1561,1584,4,2
1637,1561,1584,4,1
1638,1561,1584,4,2
1639,1561,1584,4,1
1640,1561,1584,4,2
1641,1477,1558,4,1
1642,1477,1558,4,2
1643,1477,1558,4,1
1644,1477,1558,4,2
1645,1477,1558,4,1
1646,1477,1558,4,2
1647,1477,1558,4,1
1648,1477,1558,4,2
1649,1477,1226,4,1
1650,1477,1226,4,2
1651,1477,1226,4,1
1652,1477,1226,4,2
1653,1477,1226,4,1
1654,1477,1226,4,2
1655,1477,1226,4,1
1656,1477,1226,4,2
1657,1477,1532,4,1
1658,1477,1532,4,2
1659,1477,1532,4,1
1660,1477,1532,4,2
1661,1477,1532,4,1
1662,1477,1532,4,2
1663,1477,1532,4,1
1664,1477,1532,4,2
1665,1477,1468,4,1
1666,1477,1468,4,2
1667,1477,1468,4,1
1668,1477,1468,4,2
1669,1477,1468,4,1
1670,1477,1468,4,2
1671,1477,1468,4,1
1672,1477,1468,4,2
1673,1477,1458,4,1
1674,1477,1458,4,2
1675,1477,1458,4,1
1676,1477,1458,4,2
1677,1477,1458,4,1
1678,1477,1458,4,2
1679,1477,1458,4,1
1680,1477,1458,4,2
1681,1481,1228,4,1
1682,1481,1228,4,2
1683,1481,1228,4,1
1684,1481,1228,4,2
1685,1481,1228,4,1
1686,1481,1228,4,2
1687,1481,1228,4,1
1688,1481,1228,4,2
1689,1481,1534,4,1
1690,1481,1534,4,2
1691,1481,1534,4,1
1692,1481,1534,4,2
1693,1481,1534,4,1
1694,1481,1534,4,2
1695,1481,1534,4,1
1696,1481,1534,4,2
1697,1481,1518,4,1
1698,1481,1518,4,2
1699,1481,1518,4,1
1700,1481,1518,4,2
1701,1481,1518,4,1
1702,1481,1518,4,2
1703,1481,1518,4,1
1704,1481,1518,4,2
1705,1481,1476,4,1
1706,1481,1476,4,2
1707,1481,1476,4,1
1708,1481,1476,4,2
1709,1481,1476,4,1
1710,1481,1476,4,2
1711,1481,1476,4,1
1712,1481,1476,4,2
1713,1481,1238,4,1
1714,1481,1238,4,2
1715,1481,1238,4,1
1716,1481,1238,4,2
1717,1481,1238,4,1
1718,1481,1238,4,2
1719,1481,1238,4,1
1720,1481,1238,4,2
1721,1553,1564,4,1
1722,1553,1564,4,2
1723,1553,1564,4,1
1724,1553,1564,4,2
1725,1553,1564,4,1
1726,1553,1564,4,2
1727,1553,1564,4,1
1728,1553,1564,4,2
1729,1553,1556,4,1
1730,1553,1556,4,2
1731,1553,1556,4,1
1732,1553,1556,4,2
1733,1553,1556,4,1
1734,1553,1556,4,2
1735,1553,1556,4,1
1736,1553,1556,4,2
1737,1553,1582,4,1
1738,1553,1582,4,2
1739,1553,1582,4,1
1740,1553,1582,4,2
1741,1553,1582,4,1
1742,1553,1582,4,2
1743,1553,1582,4,1
1744,1553,1582,4,2
1745,1553,1542,4,1
1746,1553,1542,4,2
1747,1553,1542,4,1
1748,1553,1542,4,2
1749,1553,1542,4,1
1750,1553,1542,4,2
1751,1553,1542,4,1
1752,1553,1542,4,2
1753,1553,1470,4,1
1754,1553,1470,4,2
1755,1553,1470,4,1
1756,1553,1470,4,2
1757,1553,1470,4,1
1758,1553,1470,4,2
1759,1553,1470,4,1
1760,1553,1470,4,2
1761,1447,1442,4,1
1762,1447,1442,4,2
1763,1447,1442,4,1
1764,1447,1442,4,2
1765,1447,1442,4,1
1766,1447,1442,4,2
1767,1447,1442,4,1
1768,1447,1442,4,2
1769,1447,1504,4,1
1770,1447,1504,4,2
1771,1447,1504,4,1
1772,1447,1504,4,2
1773,1447,1504,4,1
1774,1447,1504,4,2
1775,1447,1504,4,1
1776,1447,1504,4,2
1777,1447,1448,4,1
1778,1447,1448,4,2
1779,1447,1448,4,1
1780,1447,1448,4,2
1781,1447,1448,4,1
1782,1447,1448,4,2
1783,1447,1448,4,1
1784,1447,1448,4,2
1785,1447,1460,4,1
1786,1447,1460,4,2
1787,1447,1460,4,1
1788,1447,1460,4,2
1789,1447,1460,4,1
1790,1447,1460,4,2
1791,1447,1460,4,1
1792,1447,1460,4,2
1793,1447,1216,4,1
1794,1447,1216,4,2
1795,1447,1216,4,1
1796,1447,1216,4,2
1797,1447,1216,4,1
1798,1447,1216,4,2
1799,1447,1216,4,1
1800,1447,1216,4,2
1801,1467,1546,4,1
1802,1467,1546,4,2
1803,1467,1546,4,1
1804,1467,1546,4,2
1805,1467,1546,4,1
1806,1467,1546,4,2
1807,1467,1546,4,1
1808,1467,1546,4,2
1809,1467,1462,4,1
1810,1467,1462,4,2
1811,1467,1462,4,1
1812,1467,1462,4,2
1813,1467,1462,4,1
1814,1467,1462,4,2
1815,1467,1462,4,1
1816,1467,1462,4,2
1817,1467,1206,4,1
1818,1467,1206,4,2
1819,1467,1206,4,1
1820,1467,1206,4,2
1821,1467,1206,4,1
1822,1467,1206,4,2
1823,1467,1206,4,1
1824,1467,1206,4,2
1825,1467,1232,4,1
1826,1467,1232,4,2
1827,1467,1232,4,1
1828,1467,1232,4,2
1829,1467,1232,4,1
1830,1467,1232,4,2
1831,1467,1232,4,1
1832,1467,1232,4,2
1833,1467,1466,4,1
1834,1467,1466,4,2
1835,1467,1466,4,1
1836,1467,1466,4,2
1837,1467,1466,4,1
1838,1467,1466,4,2
1839,1467,1466,4,1
1840,1467,1466,4,2
1841,1471,1578,4,1
1842,1471,1578,4,2
1843,1471,1578,4,1
1844,1471,1578,4,2
1845,1471,1578,4,1
1846,1471,1578,4,2
1847,1471,1578,4,1
1848,1471,1578,4,2
1849,1471,1484,4,1
1850,1471,1484,4,2
1851,1471,1484,4,1
1852,1471,1484,4,2
1853,1471,1484,4,1
1854,1471,1484,4,2
1855,1471,1484,4,1
1856,1471,1484,4,2
1857,1471,1316,4,1
1858,1471,1316,4,2
1859,1471,1316,4,1
1860,1471,1316,4,2
1861,1471,1316,4,1
1862,1471,1316,4,2
1863,1471,1316,4,1
1864,1471,1316,4,2
1865,1471,1522,4,1
1866,1471,1522,4,2
1867,1471,1522,4,1
1868,1471,1522,4,2
1869,1471,1522,4,1
1870,1471,1522,4,2
1871,1471,1522,4,1
1872,1471,1522,4,2
1873,1471,1520,4,1
1874,1471,1520,4,2
1875,1471,1520,4,1
1876,1471,1520,4,2
1877,1471,1520,4,1
1878,1471,1520,4,2
1879,1471,1520,4,1
1880,1471,1520,4,2
1881,1235,1222,4,1
1882,1235,1222,4,2
1883,1235,1222,4,1
1884,1235,1222,4,2
1885,1235,1222,4,1
1886,1235,1222,4,2
1887,1235,1222,4,1
1888,1235,1222,4,2
1889,1235,1444,4,1
1890,1235,1444,4,2
1891,1235,1444,4,1
1892,1235,1444,4,2
1893,1235,1444,4,1
1894,1235,1444,4,2
1895,1235,1444,4,1
1896,1235,1444,4,2
1897,1235,1474,4,1
1898,1235,1474,4,2
1899,1235,1474,4,1
1900,1235,1474,4,2
1901,1235,1474,4,1
1902,1235,1474,4,2
1903,1235,1474,4,1
1904,1235,1474,4,2
1905,1235,1478,4,1
1906,1235,1478,4,2
1907,1235,1478,4,1
1908,1235,1478,4,2
1909,1235,1478,4,1
1910,1235,1478,4,2
1911,1235,1478,4,1
1912,1235,1478,4,2
1913,1235,1224,4,1
1914,1235,1224,4,2
1915,1235,1224,4,1
1916,1235,1224,4,2
1917,1235,1224,4,1
1918,1235,1224,4,2
1919,1235,1224,4,1
1920,1235,1224,4,2
1921,1469,1552,4,1
1922,1469,1552,4,2
1923,1469,1552,4,1
1924,1469,1552,4,2
1925,1469,1552,4,1
1926,1469,1552,4,2
1927,1469,1552,4,1
1928,1469,1552,4,2
1929,1469,1204,4,1
1930,1469,1204,4,2
1931,1469,1204,4,1
1932,1469,1204,4,2
1933,1469,1204,4,1
1934,1469,1204,4,2
1935,1469,1204,4,1
1936,1469,1204,4,2
1937,1469,1220,4,1
1938,1469,1220,4,2
1939,1469,1220,4,1
1940,1469,1220,4,2
1941,1469,1220,4,1
1942,1469,1220,4,2
1943,1469,1220,4,1
1944,1469,1220,4,2
1945,1469,1548,4,1
1946,1469,1548,4,2
1947,1469,1548,4,1
1948,1469,1548,4,2
1949,1469,1548,4,1
1950,1469,1548,4,2
1951,1469,1548,4,1
1952,1469,1548,4,2
1953,1469,1580,4,1
1954,1469,1580,4,2
1955,1469,1580,4,1
1956,1469,1580,4,2
1957,1469,1580,4,1
1958,1469,1580,4,2
1959,1469,1580,4,1
1960,1469,1580,4,2
1961,1231,1554,4,1
1962,1231,1554,4,2
1963,1231,1554,4,1
1964,1231,1554,4,2
1965,1231,1554,4,1
1966,1231,1554,4,2
1967,1231,1554,4,1
1968,1231,1554,4,2
1969,1231,1454,4,1
1970,1231,1454,4,2
1971,1231,1454,4,1
1972,1231,1454,4,2
1973,1231,1454,4,1
1974,1231,1454,4,2
1975,1231,1454,4,1
1976,1231,1454,4,2
1977,1231,1202,4,1
1978,1231,1202,4,2
1979,1231,1202,4,1
1980,1231,1202,4,2
1981,1231,1202,4,1
1982,1231,1202,4,2
1983,1231,1202,4,1
1984,1231,1202,4,2
1985,1231,1498,4,1
1986,1231,1498,4,2
1987,1231,1498,4,1
1988,1231,1498,4,2
1989,1231,1498,4,1
1990,1231,1498,4,2
1991,1231,1498,4,1
1992,1231,1498,4,2
1993,1231,1530,4,1
1994,1231,1530,4,2
1995,1231,1530,4,1
1996,1231,1530,4,2
1997,1231,1530,4,1
1998,1231,1530,4,2
1999,1231,1530,4,1
2000,1231,1530,4,2
2001,1651,1858,5,1
2002,1651,1858,5,2
2003,1651,1858,5,1
2004,1651,1858,5,2
2005,1651,1858,5,1
2006,1651,1858,5,2
2007,1651,1858,5,1
2008,1651,1858,5,2
2009,1651,1854,5,1
2010,1651,1854,5,2
2011,1651,1854,5,1
2012,1651,1854,5,2
2013,1651,1854,5,1
2014,1651,1854,5,2
2015,1651,1854,5,1
2016,1651,1854,5,2
2017,1651,1928,5,1
2018,1651,1928,5,2
2019,1651,1928,5,1
2020,1651,1928,5,2
2021,1651,1928,5,1
2022,1651,1928,5,2
2023,1651,1928,5,1
2024,1651,1928,5,2
2025,1651,1942,5,1
2026,1651,1942,5,2
2027,1651,1942,5,1
2028,1651,1942,5,2
2029,1651,1942,5,1
2030,1651,1942,5,2
2031,1651,1942,5,1
2032,1651,1942,5,2
2033,1651,1786,5,1
2034,1651,1786,5,2
2035,1651,1786,5,1
2036,1651,1786,5,2
2037,1651,1786,5,1
2038,1651,1786,5,2
2039,1651,1786,5,1
2040,1651,1786,5,2
2041,1937,1944,5,1
2042,1937,1944,5,2
2043,1937,1944,5,1
2044,1937,1944,5,2
2045,1937,1944,5,1
2046,1937,1944,5,2
2047,1937,1944,5,1
2048,1937,1944,5,2
2049,1937,1898,5,1
2050,1937,1898,5,2
2051,1937,1898,5,1
2052,1937,1898,5,2
2053,1937,1898,5,1
2054,1937,1898,5,2
2055,1937,1898,5,1
2056,1937,1898,5,2
2057,1937,1938,5,1
2058,1937,1938,5,2
2059,1937,1938,5,1
2060,1937,1938,5,2
2061,1937,1938,5,1
2062,1937,1938,5,2
2063,1937,1938,5,1
2064,1937,1938,5,2
2065,1937,1628,5,1
2066,1937,1628,5,2
2067,1937,1628,5,1
2068,1937,1628,5,2
2069,1937,1628,5,1
2070,1937,1628,5,2
2071,1937,1628,5,1
2072,1937,1628,5,2
2073,1937,1970,5,1
2074,1937,1970,5,2
2075,1937,1970,5,1
2076,1937,1970,5,2
2077,1937,1970,5,1
2078,1937,1970,5,2
2079,1937,1970,5,1
2080,1937,1970,5,2
2081,1787,1634,5,1
2082,1787,1634,5,2
2083,1787,1634,5,1
2084,1787,1634,5,2
2085,1787,1634,5,1
2086,1787,1634,5,2
2087,1787,1634,5,1
2088,1787,1634,5,2
2089,1787,1986,5,1
2090,1787,1986,5,2
2091,1787,1986,5,1
2092,1787,1986,5,2
2093,1787,1986,5,1
2094,1787,1986,5,2
2095,1787,1986,5,1
2096,1787,1986,5,2
2097,1787,1946,5,1
2098,1787,1946,5,2
2099,1787,1946,5,1
2100,1787,1946,5,2
2101,1787,1946,5,1
2102,1787,1946,5,2
2103,1787,1946,5,1
2104,1787,1946,5,2
2105,1787,1620,5,1
2106,1787,1620,5,2
2107,1787,1620,5,1
2108,1787,1620,5,2
2109,1787,1620,5,1
2110,1787,1620,5,2
2111,1787,1620,5,1
2112,1787,1620,5,2
2113,1787,1952,5,1
2114,1787,1952,5,2
2115,1787,1952,5,1
2116,1787,1952,5,2
2117,1787,1952,5,1
2118,1787,1952,5,2
2119,1787,1952,5,1
2120,1787,1952,5,2
2121,1607,1844,5,1
2122,1607,1844,5,2
2123,1607,1844,5,1
2124,1607,1844,5,2
2125,1607,1844,5,1
2126,1607,1844,5,2
2127,1607,1844,5,1
2128,1607,1844,5,2
2129,1607,1924,5,1
2130,1607,1924,5,2
2131,1607,1924,5,1
2132,1607,1924,5,2
2133,1607,1924,5,1
2134,1607,1924,5,2
2135,1607,1924,5,1
2136,1607,1924,5,2
2137,1607,1866,5,1
2138,1607,1866,5,2
2139,1607,1866,5,1
2140,1607,1866,5,2
2141,1607,1866,5,1
2142,1607,1866,5,2
2143,1607,1866,5,1
2144,1607,1866,5,2
2145,1607,1790,5,1
2146,1607,1790,5,2
2147,1607,1790,5,1
2148,1607,1790,5,2
2149,1607,1790,5,1
2150,1607,1790,5,2
2151,1607,1790,5,1
2152,1607,1790,5,2
2153,1607,1654,5,1
2154,1607,1654,5,2
2155,1607,1654,5,1
2156,1607,1654,5,2
2157,1607,1654,5,1
2158,1607,1654,5,2
2159,1607,1654,5,1
2160,1607,1654,5,2
2161,1947,1870,5,1
2162,1947,1870,5,2
2163,1947,1870,5,1
2164,1947,1870,5,2
2165,1947,1870,5,1
2166,1947,1870,5,2
2167,1947,1870,5,1
2168,1947,1870,5,2
2169,1947,1864,5,1
2170,1947,1864,5,2
2171,1947,1864,5,1
2172,1947,1864,5,2
2173,1947,1864,5,1
2174,1947,1864,5,2
2175,1947,1864,5,1
2176,1947,1864,5,2
2177,1947,1664,5,1
2178,1947,1664,5,2
2179,1947,1664,5,1
2180,1947,1664,5,2
2181,1947,1664,5,1
2182,1947,1664,5,2
2183,1947,1664,5,1
2184,1947,1664,5,2
2185,1947,1624,5,1
2186,1947,1624,5,2
2187,1947,1624,5,1
2188,1947,1624,5,2
2189,1947,1624,5,1
2190,1947,1624,5,2
2191,1947,1624,5,1
2192,1947,1624,5,2
2193,1947,1860,5,1
2194,1947,1860,5,2
2195,1947,1860,5,1
2196,1947,1860,5,2
2197,1947,1860,5,1
2198,1947,1860,5,2
2199,1947,1860,5,1
2200,1947,1860,5,2
2201,1621,1846,5,1
2202,1621,1846,5,2
2203,1621,1846,5,1
2204,1621,1846,5,2
2205,1621,1846,5,1
2206,1621,1846,5,2
2207,1621,1846,5,1
2208,1621,1846,5,2
2209,1621,1658,5,1
2210,1621,1658,5,2
2211,1621,1658,5,1
2212,1621,1658,5,2
2213,1621,1658,5,1
2214,1621,1658,5,2
2215,1621,1658,5,1
2216,1621,1658,5,2
2217,1621,1622,5,1
2218,1621,1622,5,2
2219,1621,1622,5,1
2220,1621,1622,5,2
2221,1621,1622,5,1
2222,1621,1622,5,2
2223,1621,1622,5,1
2224,1621,1622,5,2
2225,1621,1950,5,1
2226,1621,1950,5,2
2227,1621,1950,5,1
2228,1621,1950,5,2
2229,1621,1950,5,1
2230,1621,1950,5,2
2231,1621,1950,5,1
2232,1621,1950,5,2
2233,1621,1948,5,1
2234,1621,1948,5,2
2235,1621,1948,5,1
2236,1621,1948,5,2
2237,1621,1948,5,1
2238,1621,1948,5,2
2239,1621,1948,5,1
2240,1621,1948,5,2
2241,1667,1994,5,1
2242,1667,1994,5,2
2243,1667,1994,5,1
2244,1667,1994,5,2
2245,1667,1994,5,1
2246,1667,1994,5,2
2247,1667,1994,5,1
2248,1667,1994,5,2
2249,1667,1614,5,1
2250,1667,1614,5,2
2251,1667,1614,5,1
2252,1667,1614,5,2
2253,1667,1614,5,1
2254,1667,1614,5,2
2255,1667,1614,5,1
2256,1667,1614,5,2
2257,1667,1672,5,1
2258,1667,1672,5,2
2259,1667,1672,5,1
2260,1667,1672,5,2
2261,1667,1672,5,1
2262,1667,1672,5,2
2263,1667,1672,5,1
2264,1667,1672,5,2
2265,1667,1998,5,1
2266,1667,1998,5,2
2267,1667,1998,5,1
2268,1667,1998,5,2
2269,1667,1998,5,1
2270,1667,1998,5,2
2271,1667,1998,5,1
2272,1667,1998,5,2
2273,1667,1976,5,1
2274,1667,1976,5,2
2275,1667,1976,5,1
2276,1667,1976,5,2
2277,1667,1976,5,1
2278,1667,1976,5,2
2279,1667,1976,5,1
2280,1667,1976,5,2
2281,1969,1640,5,1
2282,1969,1640,5,2
2283,1969,1640,5,1
2284,1969,1640,5,2
2285,1969,1640,5,1
2286,1969,1640,5,2
2287,1969,1640,5,1
2288,1969,1640,5,2
2289,1969,1666,5,1
2290,1969,1666,5,2
2291,1969,1666,5,1
2292,1969,1666,5,2
2293,1969,1666,5,1
2294,1969,1666,5,2
2295,1969,1666,5,1
2296,1969,1666,5,2
2297,1969,1914,5,1
2298,1969,1914,5,2
2299,1969,1914,5,1
2300,1969,1914,5,2
2301,1969,1914,5,1
2302,1969,1914,5,2
2303,1969,1914,5,1
2304,1969,1914,5,2
2305,1969,1636,5,1
2306,1969,1636,5,2
2307,1969,1636,5,1
2308,1969,1636,5,2
2309,1969,1636,5,1
2310,1969,1636,5,2
2311,1969,1636,5,1
2312,1969,1636,5,2
2313,1969,1922,5,1
2314,1969,1922,5,2
2315,1969,1922,5,1
2316,1969,1922,5,2
2317,1969,1922,5,1
2318,1969,1922,5,2
2319,1969,1922,5,1
2320,1969,1922,5,2
2321,1943,1932,5,1
2322,1943,1932,5,2
2323,1943,1932,5,1
2324,1943,1932,5,2
2325,1943,1932,5,1
2326,1943,1932,5,2
2327,1943,1932,5,1
2328,1943,1932,5,2
2329,1943,1848,5,1
2330,1943,1848,5,2
2331,1943,1848,5,1
2332,1943,1848,5,2
2333,1943,1848,5,1
2334,1943,1848,5,2
2335,1943,1848,5,1
2336,1943,1848,5,2
2337,1943,1940,5,1
2338,1943,1940,5,2
2339,1943,1940,5,1
2340,1943,1940,5,2
2341,1943,1940,5,1
2342,1943,1940,5,2
2343,1943,1940,5,1
2344,1943,1940,5,2
2345,1943,1788,5,1
2346,1943,1788,5,2
2347,1943,1788,5,1
2348,1943,1788,5,2
2349,1943,1788,5,1
2350,1943,1788,5,2
2351,1943,1788,5,1
2352,1943,1788,5,2
2353,1943,1662,5,1
2354,1943,1662,5,2
2355,1943,1662,5,1
2356,1943,1662,5,2
2357,1943,1662,5,1
2358,1943,1662,5,2
2359,1943,1662,5,1
2360,1943,1662,5,2
2361,1941,1670,5,1
2362,1941,1670,5,2
2363,1941,1670,5,1
2364,1941,1670,5,2
2365,1941,1670,5,1
2366,1941,1670,5,2
2367,1941,1670,5,1
2368,1941,1670,5,2
2369,1941,1638,5,1
2370,1941,1638,5,2
2371,1941,1638,5,1
2372,1941,1638,5,2
2373,1941,1638,5,1
2374,1941,1638,5,2
2375,1941,1638,5,1
2376,1941,1638,5,2
2377,1941,1856,5,1
2378,1941,1856,5,2
2379,1941,1856,5,1
2380,1941,1856,5,2
2381,1941,1856,5,1
2382,1941,1856,5,2
2383,1941,1856,5,1
2384,1941,1856,5,2
2385,1941,1716,5,1
2386,1941,1716,5,2
2387,1941,1716,5,1
2388,1941,1716,5,2
2389,1941,1716,5,1
2390,1941,1716,5,2
2391,1941,1716,5,1
2392,1941,1716,5,2
2393,1941,1650,5,1
2394,1941,1650,5,2
2395,1941,1650,5,1
2396,1941,1650,5,2
2397,1941,1650,5,1
2398,1941,1650,5,2
2399,1941,1650,5,1
2400,1941,1650,5,2
2401,2239,2358,6,1
2402,2239,2358,6,2
2403,2239,2358,6,1
2404,2239,2358,6,2
2405,2239,2358,6,1
2406,2239,2358,6,2
2407,2239,2358,6,1
2408,2239,2358,6,2
2409,2239,2210,6,1
2410,2239,2210,6,2
2411,2239,2210,6,1
2412,2239,2210,6,2
2413,2239,2210,6,1
2414,2239,2210,6,2
2415,2239,2210,6,1
2416,2239,2210,6,2
2417,2239,2240,6,1
2418,2239,2240,6,2
2419,2239,2240,6,1
2420,2239,2240,6,2
2421,2239,2240,6,1
2422,2239,2240,6,2
2423,2239,2240,6,1
2424,2239,2240,6,2
2425,2239,2202,6,1
2426,2239,2202,6,2
2427,2239,2202,6,1
2428,2239,2202,6,2
2429,2239,2202,6,1
2430,2239,2202,6,2
2431,2239,2202,6,1
2432,2239,2202,6,2
2433,2239,2108,6,1
2434,2239,2108,6,2
2435,2239,2108,6,1
2436,2239,2108,6,2
2437,2239,2108,6,1
2438,2239,2108,6,2
2439,2239,2108,6,1
2440,2239,2108,6,2
2441,2219,2354,6,1
2442,2219,2354,6,2
2443,2219,2354,6,1
2444,2219,2354,6,2
2445,2219,2354,6,1
2446,2219,2354,6,2
2447,2219,2354,6,1
2448,2219,2354,6,2
2449,2219,2098,6,1
2450,2219,2098,6,2
2451,2219,2098,6,1
2452,2219,2098,6,2
2453,2219,2098,6,1
2454,2219,2098,6,2
2455,2219,2098,6,1
2456,2219,2098,6,2
2457,2219,2032,6,1
2458,2219,2032,6,2
2459,2219,2032,6,1
2460,2219,2032,6,2
2461,2219,2032,6,1
2462,2219,2032,6,2
2463,2219,2032,6,1
2464,2219,2032,6,2
2465,2219,2232,6,1
2466,2219,2232,6,2
2467,2219,2232,6,1
2468,2219,2232,6,2
2469,2219,2232,6,1
2470,2219,2232,6,2
2471,2219,2232,6,1
2472,2219,2232,6,2
2473,2219,2088,6,1
2474,2219,2088,6,2
2475,2219,2088,6,1
2476,2219,2088,6,2
2477,2219,2088,6,1
2478,2219,2088,6,2
2479,2219,2088,6,1
2480,2219,2088,6,2
2481,2233,2112,6,1
2482,2233,2112,6,2
2483,2233,2112,6,1
2484,2233,2112,6,2
2485,2233,2112,6,1
2486,2233,2112,6,2
2487,2233,2112,6,1
2488,2233,2112,6,2
2489,2233,2364,6,1
2490,2233,2364,6,2
2491,2233,2364,6,1
2492,2233,2364,6,2
2493,2233,2364,6,1
2494,2233,2364,6,2
2495,2233,2364,6,1
2496,2233,2364,6,2
2497,2233,2026,6,1
2498,2233,2026,6,2
2499,2233,2026,6,1
2500,2233,2026,6,2
2501,2233,2026,6,1
2502,2233,2026,6,2
2503,2233,2026,6,1
2504,2233,2026,6,2
2505,2233,2260,6,1
2506,2233,2260,6,2
2507,2233,2260,6,1
2508,2233,2260,6,2
2509,2233,2260,6,1
2510,2233,2260,6,2
2511,2233,2260,6,1
2512,2233,2260,6,2
2513,2233,2220,6,1
2514,2233,2220,6,2
2515,2233,2220,6,1
2516,2233,2220,6,2
2517,2233,2220,6,1
2518,2233,2220,6,2
2519,2233,2220,6,1
2520,2233,2220,6,2
2521,2103,2238,6,1
2522,2103,2238,6,2
2523,2103,2238,6,1
2524,2103,2238,6,2
2525,2103,2238,6,1
2526,2103,2238,6,2
2527,2103,2238,6,1
2528,2103,2238,6,2
2529,2103,2326,6,1
2530,2103,2326,6,2
2531,2103,2326,6,1
2532,2103,2326,6,2
2533,2103,2326,6,1
2534,2103,2326,6,2
2535,2103,2326,6,1
2536,2103,2326,6,2
2537,2103,2236,6,1
2538,2103,2236,6,2
2539,2103,2236,6,1
2540,2103,2236,6,2
2541,2103,2236,6,1
2542,2103,2236,6,2
2543,2103,2236,6,1
2544,2103,2236,6,2
2545,2103,2250,6,1
2546,2103,2250,6,2
2547,2103,2250,6,1
2548,2103,2250,6,2
2549,2103,2250,6,1
2550,2103,2250,6,2
2551,2103,2250,6,1
2552,2103,2250,6,2
2553,2103,2230,6,1
2554,2103,2230,6,2
2555,2103,2230,6,1
2556,2103,2230,6,2
2557,2103,2230,6,1
2558,2103,2230,6,2
2559,2103,2230,6,1
2560,2103,2230,6,2
2561,2109,2256,6,1
2562,2109,2256,6,2
2563,2109,2256,6,1
2564,2109,2256,6,2
2565,2109,2256,6,1
2566,2109,2256,6,2
2567,2109,2256,6,1
2568,2109,2256,6,2
2569,2109,2226,6,1
2570,2109,2226,6,2
2571,2109,2226,6,1
2572,2109,2226,6,2
2573,2109,2226,6,1
2574,2109,2226,6,2
2575,2109,2226,6,1
2576,2109,2226,6,2
2577,2109,2020,6,1
2578,2109,2020,6,2
2579,2109,2020,6,1
2580,2109,2020,6,2
2581,2109,2020,6,1
2582,2109,2020,6,2
2583,2109,2020,6,1
2584,2109,2020,6,2
2585,2109,2342,6,1
2586,2109,2342,6,2
2587,2109,2342,6,1
2588,2109,2342,6,2
2589,2109,2342,6,1
2590,2109,2342,6,2
2591,2109,2342,6,1
2592,2109,2342,6,2
2593,2109,2036,6,1
2594,2109,2036,6,2
2595,2109,2036,6,1
2596,2109,2036,6,2
2597,2109,2036,6,1
2598,2109,2036,6,2
2599,2109,2036,6,1
2600,2109,2036,6,2
2601,2107,2012,6,1
2602,2107,2012,6,2
2603,2107,2012,6,1
2604,2107,2012,6,2
2605,2107,2012,6,1
2606,2107,2012,6,2
2607,2107,2012,6,1
2608,2107,2012,6,2
2609,2107,2218,6,1
2610,2107,2218,6,2
2611,2107,2218,6,1
2612,2107,2218,6,2
2613,2107,2218,6,1
2614,2107,2218,6,2
2615,2107,2218,6,1
2616,2107,2218,6,2
2617,2107,2216,6,1
2618,2107,2216,6,2
2619,2107,2216,6,1
2620,2107,2216,6,2
2621,2107,2216,6,1
2622,2107,2216,6,2
2623,2107,2216,6,1
2624,2107,2216,6,2
2625,2107,2100,6,1
2626,2107,2100,6,2
2627,2107,2100,6,1
2628,2107,2100,6,2
2629,2107,2100,6,1
2630,2107,2100,6,2
2631,2107,2100,6,1
2632,2107,2100,6,2
2633,2107,2174,6,1
2634,2107,2174,6,2
2635,2107,2174,6,1
2636,2107,2174,6,2
2637,2107,2174,6,1
2638,2107,2174,6,2
2639,2107,2174,6,1
2640,2107,2174,6,2
2641,2221,2262,6,1
2642,2221,2262,6,2
2643,2221,2262,6,1
2644,2221,2262,6,2
2645,2221,2262,6,1
2646,2221,2262,6,2
2647,2221,2262,6,1
2648,2221,2262,6,2
2649,2221,2234,6,1
2650,2221,2234,6,2
2651,2221,2234,6,1
2652,2221,2234,6,2
2653,2221,2234,6,1
2654,2221,2234,6,2
2655,2221,2234,6,1
2656,2221,2234,6,2
2657,2221,2106,6,1
2658,2221,2106,6,2
2659,2221,2106,6,1
2660,2221,2106,6,2
2661,2221,2106,6,1
2662,2221,2106,6,2
2663,2221,2106,6,1
2664,2221,2106,6,2
2665,2221,2034,6,1
2666,2221,2034,6,2
2667,2221,2034,6,1
2668,2221,2034,6,2
2669,2221,2034,6,1
2670,2221,2034,6,2
2671,2221,2034,6,1
2672,2221,2034,6,2
2673,2221,2228,6,1
2674,2221,2228,6,2
2675,2221,2228,6,1
2676,2221,2228,6,2
2677,2221,2228,6,1
2678,2221,2228,6,2
2679,2221,2228,6,1
2680,2221,2228,6,2
2681,2111,2214,6,1
2682,2111,2214,6,2
2683,2111,2214,6,1
2684,2111,2214,6,2
2685,2111,2214,6,1
2686,2111,2214,6,2
2687,2111,2214,6,1
2688,2111,2214,6,2
2689,2111,2362,6,1
2690,2111,2362,6,2
2691,2111,2362,6,1
2692,2111,2362,6,2
2693,2111,2362,6,1
2694,2111,2362,6,2
2695,2111,2362,6,1
2696,2111,2362,6,2
2697,2111,2082,6,1
2698,2111,2082,6,2
2699,2111,2082,6,1
2700,2111,2082,6,2
2701,2111,2082,6,1
2702,2111,2082,6,2
2703,2111,2082,6,1
2704,2111,2082,6,2
2705,2111,2328,6,1
2706,2111,2328,6,2
2707,2111,2328,6,1
2708,2111,2328,6,2
2709,2111,2328,6,1
2710,2111,2328,6,2
2711,2111,2328,6,1
2712,2111,2328,6,2
2713,2111,2224,6,1
2714,2111,2224,6,2
2715,2111,2224,6,1
2716,2111,2224,6,2
2717,2111,2224,6,1
2718,2111,2224,6,2
2719,2111,2224,6,1
2720,2111,2224,6,2
2721,2213,2110,6,1
2722,2213,2110,6,2
2723,2213,2110,6,1
2724,2213,2110,6,2
2725,2213,2110,6,1
2726,2213,2110,6,2
2727,2213,2110,6,1
2728,2213,2110,6,2
2729,2213,2222,6,1
2730,2213,2222,6,2
2731,2213,2222,6,1
2732,2213,2222,6,2
2733,2213,2222,6,1
2734,2213,2222,6,2
2735,2213,2222,6,1
2736,2213,2222,6,2
2737,2213,2206,6,1
2738,2213,2206,6,2
2739,2213,2206,6,1
2740,2213,2206,6,2
2741,2213,2206,6,1
2742,2213,2206,6,2
2743,2213,2206,6,1
2744,2213,2206,6,2
2745,2213,2258,6,1
2746,2213,2258,6,2
2747,2213,2258,6,1
2748,2213,2258,6,2
2749,2213,2258,6,1
2750,2213,2258,6,2
2751,2213,2258,6,1
2752,2213,2258,6,2
2753,2213,2322,6,1
2754,2213,2322,6,2
2755,2213,2322,6,1
2756,2213,2322,6,2
2757,2213,2322,6,1
2758,2213,2322,6,2
2759,2213,2322,6,1
2760,2213,2322,6,2
2761,2099,2104,6,1
2762,2099,2104,6,2
2763,2099,2104,6,1
2764,2099,2104,6,2
2765,2099,2104,6,1
2766,2099,2104,6,2
2767,2099,2104,6,1
2768,2099,2104,6,2
2769,2099,2324,6,1
2770,2099,2324,6,2
2771,2099,2324,6,1
2772,2099,2324,6,2
2773,2099,2324,6,1
2774,2099,2324,6,2
2775,2099,2324,6,1
2776,2099,2324,6,2
2777,2099,2038,6,1
2778,2099,2038,6,2
2779,2099,2038,6,1
2780,2099,2038,6,2
2781,2099,2038,6,1
2782,2099,2038,6,2
2783,2099,2038,6,1
2784,2099,2038,6,2
2785,2099,2040,6,1
2786,2099,2040,6,2
2787,2099,2040,6,1
2788,2099,2040,6,2
2789,2099,2040,6,1
2790,2099,2040,6,2
2791,2099,2040,6,1
2792,2099,2040,6,2
2793,2099,2028,6,1
2794,2099,2028,6,2
2795,2099,2028,6,1
2796,2099,2028,6,2
2797,2099,2028,6,1
2798,2099,2028,6,2
2799,2099,2028,6,1
2800,2099,2028,6,2
2801,2485,2580,7,1
2802,2485,2580,7,2
2803,2485,2580,7,1
2804,2485,2580,7,2
2805,2485,2580,7,1
2806,2485,2580,7,2
2807,2485,2580,7,1
2808,2485,2580,7,2
2809,2485,2784,7,1
2810,2485,2784,7,2
2811,2485,2784,7,1
2812,2485,2784,7,2
2813,2485,2784,7,1
2814,2485,2784,7,2
2815,2485,2784,7,1
2816,2485,2784,7,2
2817,2485,2462,7,1
2818,2485,2462,7,2
2819,2485,2462,7,1
2820,2485,2462,7,2
2821,2485,2462,7,1
2822,2485,2462,7,2
2823,2485,2462,7,1
2824,2485,2462,7,2
2825,2485,2704,7,1
2826,2485,2704,7,2
2827,2485,2704,7,1
2828,2485,2704,7,2
2829,2485,2704,7,1
2830,2485,2704,7,2
2831,2485,2704,7,1
2832,2485,2704,7,2
2833,2485,2746,7,1
2834,2485,2746,7,2
2835,2485,2746,7,1
2836,2485,2746,7,2
2837,2485,2746,7,1
2838,2485,2746,7,2
2839,2485,2746,7,1
2840,2485,2746,7,2
2841,2597,2540,7,1
2842,2597,2540,7,2
2843,2597,2540,7,1
2844,2597,2540,7,2
2845,2597,2540,7,1
2846,2597,2540,7,2
2847,2597,2540,7,1
2848,2597,2540,7,2
2849,2597,2686,7,1
2850,2597,2686,7,2
2851,2597,2686,7,1
2852,2597,2686,7,2
2853,2597,2686,7,1
2854,2597,2686,7,2
2855,2597,2686,7,1
2856,2597,2686,7,2
2857,2597,2752,7,1
2858,2597,2752,7,2
2859,2597,2752,7,1
2860,2597,2752,7,2
2861,2597,2752,7,1
2862,2597,2752,7,2
2863,2597,2752,7,1
2864,2597,2752,7,2
2865,2597,2584,7,1
2866,2597,2584,7,2
2867,2597,2584,7,1
2868,2597,2584,7,2
2869,2597,2584,7,1
2870,2597,2584,7,2
2871,2597,2584,7,1
2872,2597,2584,7,2
2873,2597,2414,7,1
2874,2597,2414,7,2
2875,2597,2414,7,1
2876,2597,2414,7,2
2877,2597,2414,7,1
2878,2597,2414,7,2
2879,2597,2414,7,1
2880,2597,2414,7,2
2881,2487,2460,7,1
2882,2487,2460,7,2
2883,2487,2460,7,1
2884,2487,2460,7,2
2885,2487,2460,7,1
2886,2487,2460,7,2
2887,2487,2460,7,1
2888,2487,2460,7,2
2889,2487,2654,7,1
2890,2487,2654,7,2
2891,2487,2654,7,1
2892,2487,2654,7,2
2893,2487,2654,7,1
2894,2487,2654,7,2
2895,2487,2654,7,1
2896,2487,2654,7,2
2897,2487,2692,7,1
2898,2487,2692,7,2
2899,2487,2692,7,1
2900,2487,2692,7,2
2901,2487,2692,7,1
2902,2487,2692,7,2
2903,2487,2692,7,1
2904,2487,2692,7,2
2905,2487,2520,7,1
2906,2487,2520,7,2
2907,2487,2520,7,1
2908,2487,2520,7,2
2909,2487,2520,7,1
2910,2487,2520,7,2
2911,2487,2520,7,1
2912,2487,2520,7,2
2913,2487,2796,7,1
2914,2487,2796,7,2
2915,2487,2796,7,1
2916,2487,2796,7,2
2917,2487,2796,7,1
2918,2487,2796,7,2
2919,2487,2796,7,1
2920,2487,2796,7,2
2921,2727,2582,7,1
2922,2727,2582,7,2
2923,2727,2582,7,1
2924,2727,2582,7,2
2925,2727,2582,7,1
2926,2727,2582,7,2
2927,2727,2582,7,1
2928,2727,2582,7,2
2929,2727,2610,7,1
2930,2727,2610,7,2
2931,2727,2610,7,1
2932,2727,2610,7,2
2933,2727,2610,7,1
2934,2727,2610,7,2
2935,2727,2610,7,1
2936,2727,2610,7,2
2937,2727,2748,7,1
2938,2727,2748,7,2
2939,2727,2748,7,1
2940,2727,2748,7,2
2941,2727,2748,7,1
2942,2727,2748,7,2
2943,2727,2748,7,1
2944,2727,2748,7,2
2945,2727,2614,7,1
2946,2727,2614,7,2
2947,2727,2614,7,1
2948,2727,2614,7,2
2949,2727,2614,7,1
2950,2727,2614,7,2
2951,2727,2614,7,1
2952,2727,2614,7,2
2953,2727,2732,7,1
2954,2727,2732,7,2
2955,2727,2732,7,1
2956,2727,2732,7,2
2957,2727,2732,7,1
2958,2727,2732,7,2
2959,2727,2732,7,1
2960,2727,2732,7,2
2961,2713,2486,7,1
2962,2713,2486,7,2
2963,2713,2486,7,1
2964,2713,2486,7,2
2965,2713,2486,7,1
2966,2713,2486,7,2
2967,2713,2486,7,1
2968,2713,2486,7,2
2969,2713,2538,7,1
2970,2713,2538,7,2
2971,2713,2538,7,1
2972,2713,2538,7,2
2973,2713,2538,7,1
2974,2713,2538,7,2
2975,2713,2538,7,1
2976,2713,2538,7,2
2977,2713,2598,7,1
2978,2713,2598,7,2
2979,2713,2598,7,1
2980,2713,2598,7,2
2981,2713,2598,7,1
2982,2713,2598,7,2
2983,2713,2598,7,1
2984,2713,2598,7,2
2985,2713,2602,7,1
2986,2713,2602,7,2
2987,2713,2602,7,1
2988,2713,2602,7,2
2989,2713,2602,7,1
2990,2713,2602,7,2
2991,2713,2602,7,1
2992,2713,2602,7,2
2993,2713,2420,7,1
2994,2713,2420,7,2
2995,2713,2420,7,1
2996,2713,2420,7,2
2997,2713,2420,7,1
2998,2713,2420,7,2
2999,2713,2420,7,1
3000,2713,2420,7,2
3001,2655,2434,7,1
3002,2655,2434,7,2
3003,2655,2434,7,1
3004,2655,2434,7,2
3005,2655,2434,7,1
3006,2655,2434,7,2
3007,2655,2434,7,1
3008,2655,2434,7,2
3009,2655,2800,7,1
3010,2655,2800,7,2
3011,2655,2800,7,1
3012,2655,2800,7,2
3013,2655,2800,7,1
3014,2655,2800,7,2
3015,2655,2800,7,1
3016,2655,2800,7,2
3017,2655,2716,7,1
3018,2655,2716,7,2
3019,2655,2716,7,1
3020,2655,2716,7,2
3021,2655,2716,7,1
3022,2655,2716,7,2
3023,2655,2716,7,1
3024,2655,2716,7,2
3025,2655,2662,7,1
3026,2655,2662,7,2
3027,2655,2662,7,1
3028,2655,2662,7,2
3029,2655,2662,7,1
3030,2655,2662,7,2
3031,2655,2662,7,1
3032,2655,2662,7,2
3033,2655,2514,7,1
3034,2655,2514,7,2
3035,2655,2514,7,1
3036,2655,2514,7,2
3037,2655,2514,7,1
3038,2655,2514,7,2
3039,2655,2514,7,1
3040,2655,2514,7,2
3041,2749,2684,7,1
3042,2749,2684,7,2
3043,2749,2684,7,1
3044,2749,2684,7,2
3045,2749,2684,7,1
3046,2749,2684,7,2
3047,2749,2684,7,1
3048,2749,2684,7,2
3049,2749,2652,7,1
3050,2749,2652,7,2
3051,2749,2652,7,1
3052,2749,2652,7,2
3053,2749,2652,7,1
3054,2749,2652,7,2
3055,2749,2652,7,1
3056,2749,2652,7,2
3057,2749,2728,7,1
3058,2749,2728,7,2
3059,2749,2728,7,1
3060,2749,2728,7,2
3061,2749,2728,7,1
3062,2749,2728,7,2
3063,2749,2728,7,1
3064,2749,2728,7,2
3065,2749,2482,7,1
3066,2749,2482,7,2
3067,2749,2482,7,1
3068,2749,2482,7,2
3069,2749,2482,7,1
3070,2749,2482,7,2
3071,2749,2482,7,1
3072,2749,2482,7,2
3073,2749,2542,7,1
3074,2749,2542,7,2
3075,2749,2542,7,1
3076,2749,2542,7,2
3077,2749,2542,7,1
3078,2749,2542,7,2
3079,2749,2542,7,1
3080,2749,2542,7,2
3081,2595,2488,7,1
3082,2595,2488,7,2
3083,2595,2488,7,1
3084,2595,2488,7,2
3085,2595,2488,7,1
3086,2595,2488,7,2
3087,2595,2488,7,1
3088,2595,2488,7,2
3089,2595,2794,7,1
3090,2595,2794,7,2
3091,2595,2794,7,1
3092,2595,2794,7,2
3093,2595,2794,7,1
3094,2595,2794,7,2
3095,2595,2794,7,1
3096,2595,2794,7,2
3097,2595,2492,7,1
3098,2595,2492,7,2
3099,2595,2492,7,1
3100,2595,2492,7,2
3101,2595,2492,7,1
3102,2595,2492,7,2
3103,2595,2492,7,1
3104,2595,2492,7,2
3105,2595,2696,7,1
3106,2595,2696,7,2
3107,2595,2696,7,1
3108,2595,2696,7,2
3109,2595,2696,7,1
3110,2595,2696,7,2
3111,2595,2696,7,1
3112,2595,2696,7,2
3113,2595,2484,7,1
3114,2595,2484,7,2
3115,2595,2484,7,1
3116,2595,2484,7,2
3117,2595,2484,7,1
3118,2595,2484,7,2
3119,2595,2484,7,1
3120,2595,2484,7,2
3121,2793,2780,7,1
3122,2793,2780,7,2
3123,2793,2780,7,1
3124,2793,2780,7,2
3125,2793,2780,7,1
3126,2793,2780,7,2
3127,2793,2780,7,1
3128,2793,2780,7,2
3129,2793,2658,7,1
3130,2793,2658,7,2
3131,2793,2658,7,1
3132,2793,2658,7,2
3133,2793,2658,7,1
3134,2793,2658,7,2
3135,2793,2658,7,1
3136,2793,2658,7,2
3137,2793,2536,7,1
3138,2793,2536,7,2
3139,2793,2536,7,1
3140,2793,2536,7,2
3141,2793,2536,7,1
3142,2793,2536,7,2
3143,2793,2536,7,1
3144,2793,2536,7,2
3145,2793,2690,7,1
3146,2793,2690,7,2
3147,2793,2690,7,1
3148,2793,2690,7,2
3149,2793,2690,7,1
3150,2793,2690,7,2
3151,2793,2690,7,1
3152,2793,2690,7,2
3153,2793,2782,7,1
3154,2793,2782,7,2
3155,2793,2782,7,1
3156,2793,2782,7,2
3157,2793,2782,7,1
3158,2793,2782,7,2
3159,2793,2782,7,1
3160,2793,2782,7,2
3161,2481,2682,7,1
3162,2481,2682,7,2
3163,2481,2682,7,1
3164,2481,2682,7,2
3165,2481,2682,7,1
3166,2481,2682,7,2
3167,2481,2682,7,1
3168,2481,2682,7,2
3169,2481,2436,7,1
3170,2481,2436,7,2
3171,2481,2436,7,1
3172,2481,2436,7,2
3173,2481,2436,7,1
3174,2481,2436,7,2
3175,2481,2436,7,1
3176,2481,2436,7,2
3177,2481,2656,7,1
3178,2481,2656,7,2
3179,2481,2656,7,1
3180,2481,2656,7,2
3181,2481,2656,7,1
3182,2481,2656,7,2
3183,2481,2656,7,1
3184,2481,2656,7,2
3185,2481,2504,7,1
3186,2481,2504,7,2
3187,2481,2504,7,1
3188,2481,2504,7,2
3189,2481,2504,7,1
3190,2481,2504,7,2
3191,2481,2504,7,1
3192,2481,2504,7,2
3193,2481,2596,7,1
3194,2481,2596,7,2
3195,2481,2596,7,1
3196,2481,2596,7,2
3197,2481,2596,7,1
3198,2481,2596,7,2
3199,2481,2596,7,1
3200,2481,2596,7,2
3201,2941,2888,8,1
3202,2941,2888,8,2
3203,2941,2888,8,1
3204,2941,2888,8,2
3205,2941,2888,8,1
3206,2941,2888,8,2
3207,2941,2888,8,1
3208,2941,2888,8,2
3209,2941,3104,8,1
3210,2941,3104,8,2
3211,2941,3104,8,1
3212,2941,3104,8,2
3213,2941,3104,8,1
3214,2941,3104,8,2
3215,2941,3104,8,1
3216,2941,3104,8,2
3217,2941,2924,8,1
3218,2941,2924,8,2
3219,2941,2924,8,1
3220,2941,2924,8,2
3221,2941,2924,8,1
3222,2941,2924,8,2
3223,2941,2924,8,1
3224,2941,2924,8,2
3225,2941,3084,8,1
3226,2941,3084,8,2
3227,2941,3084,8,1
3228,2941,3084,8,2
3229,2941,3084,8,1
3230,2941,3084,8,2
3231,2941,3084,8,1
3232,2941,3084,8,2
3233,2941,2938,8,1
3234,2941,2938,8,2
3235,2941,2938,8,1
3236,2941,2938,8,2
3237,2941,2938,8,1
3238,2941,2938,8,2
3239,2941,2938,8,1
3240,2941,2938,8,2
3241,3071,3056,8,1
3242,3071,3056,8,2
3243,3071,3056,8,1
3244,3071,3056,8,2
3245,3071,3056,8,1
3246,3071,3056,8,2
3247,3071,3056,8,1
3248,3071,3056,8,2
3249,3071,3044,8,1
3250,3071,3044,8,2
3251,3071,3044,8,1
3252,3071,3044,8,2
3253,3071,3044,8,1
3254,3071,3044,8,2
3255,3071,3044,8,1
3256,3071,3044,8,2
3257,3071,3112,8,1
3258,3071,3112,8,2
3259,3071,3112,8,1
3260,3071,3112,8,2
3261,3071,3112,8,1
3262,3071,3112,8,2
3263,3071,3112,8,1
3264,3071,3112,8,2
3265,3071,3196,8,1
3266,3071,3196,8,2
3267,3071,3196,8,1
3268,3071,3196,8,2
3269,3071,3196,8,1
3270,3071,3196,8,2
3271,3071,3196,8,1
3272,3071,3196,8,2
3273,3071,3042,8,1
3274,3071,3042,8,2
3275,3071,3042,8,1
3276,3071,3042,8,2
3277,3071,3042,8,1
3278,3071,3042,8,2
3279,3071,3042,8,1
3280,3071,3042,8,2
3281,3069,3054,8,1
3282,3069,3054,8,2
3283,3069,3054,8,1
3284,3069,3054,8,2
3285,3069,3054,8,1
3286,3069,3054,8,2
3287,3069,3054,8,1
3288,3069,3054,8,2
3289,3069,3198,8,1
3290,3069,3198,8,2
3291,3069,3198,8,1
3292,3069,3198,8,2
3293,3069,3198,8,1
3294,3069,3198,8,2
3295,3069,3198,8,1
3296,3069,3198,8,2
3297,3069,3172,8,1
3298,3069,3172,8,2
3299,3069,3172,8,1
3300,3069,3172,8,2
3301,3069,3172,8,1
3302,3069,3172,8,2
3303,3069,3172,8,1
3304,3069,3172,8,2
3305,3069,3134,8,1
3306,3069,3134,8,2
3307,3069,3134,8,1
3308,3069,3134,8,2
3309,3069,3134,8,1
3310,3069,3134,8,2
3311,3069,3134,8,1
3312,3069,3134,8,2
3313,3069,3062,8,1
3314,3069,3062,8,2
3315,3069,3062,8,1
3316,3069,3062,8,2
3317,3069,3062,8,1
3318,3069,3062,8,2
3319,3069,3062,8,1
3320,3069,3062,8,2
3321,3115,3070,8,1
3322,3115,3070,8,2
3323,3115,3070,8,1
3324,3115,3070,8,2
3325,3115,3070,8,1
3326,3115,3070,8,2
3327,3115,3070,8,1
3328,3115,3070,8,2
3329,3115,2926,8,1
3330,3115,2926,8,2
3331,3115,2926,8,1
3332,3115,2926,8,2
3333,3115,2926,8,1
3334,3115,2926,8,2
3335,3115,2926,8,1
3336,3115,2926,8,2
3337,3115,2880,8,1
3338,3115,2880,8,2
3339,3115,2880,8,1
3340,3115,2880,8,2
3341,3115,2880,8,1
3342,3115,2880,8,2
3343,3115,2880,8,1
3344,3115,2880,8,2
3345,3115,2960,8,1
3346,3115,2960,8,2
3347,3115,2960,8,1
3348,3115,2960,8,2
3349,3115,2960,8,1
3350,3115,2960,8,2
3351,3115,2960,8,1
3352,3115,2960,8,2
3353,3115,3066,8,1
3354,3115,3066,8,2
3355,3115,3066,8,1
3356,3115,3066,8,2
3357,3115,3066,8,1
3358,3115,3066,8,2
3359,3115,3066,8,1
3360,3115,3066,8,2
3361,3065,3072,8,1
3362,3065,3072,8,2
3363,3065,3072,8,1
3364,3065,3072,8,2
3365,3065,3072,8,1
3366,3065,3072,8,2
3367,3065,3072,8,1
3368,3065,3072,8,2
3369,3065,3108,8,1
3370,3065,3108,8,2
3371,3065,3108,8,1
3372,3065,3108,8,2
3373,3065,3108,8,1
3374,3065,3108,8,2
3375,3065,3108,8,1
3376,3065,3108,8,2
3377,3065,3082,8,1
3378,3065,3082,8,2
3379,3065,3082,8,1
3380,3065,3082,8,2
3381,3065,3082,8,1
3382,3065,3082,8,2
3383,3065,3082,8,1
3384,3065,3082,8,2
3385,3065,3102,8,1
3386,3065,3102,8,2
3387,3065,3102,8,1
3388,3065,3102,8,2
3389,3065,3102,8,1
3390,3065,3102,8,2
3391,3065,3102,8,1
3392,3065,3102,8,2
3393,3065,3068,8,1
3394,3065,3068,8,2
3395,3065,3068,8,1
3396,3065,3068,8,2
3397,3065,3068,8,1
3398,3065,3068,8,2
3399,3065,3068,8,1
3400,3065,3068,8,2
3401,2883,2940,8,1
3402,2883,2940,8,2
3403,2883,2940,8,1
3404,2883,2940,8,2
3405,2883,2940,8,1
3406,2883,2940,8,2
3407,2883,2940,8,1
3408,2883,2940,8,2
3409,2883,2910,8,1
3410,2883,2910,8,2
3411,2883,2910,8,1
3412,2883,2910,8,2
3413,2883,2910,8,1
3414,2883,2910,8,2
3415,2883,2910,8,1
3416,2883,2910,8,2
3417,2883,2876,8,1
3418,2883,2876,8,2
3419,2883,2876,8,1
3420,2883,2876,8,2
3421,2883,2876,8,1
3422,2883,2876,8,2
3423,2883,2876,8,1
3424,2883,2876,8,2
3425,2883,3060,8,1
3426,2883,3060,8,2
3427,2883,3060,8,1
3428,2883,3060,8,2
3429,2883,3060,8,1
3430,2883,3060,8,2
3431,2883,3060,8,1
3432,2883,3060,8,2
3433,2883,3028,8,1
3434,2883,3028,8,2
3435,2883,3028,8,1
3436,2883,3028,8,2
3437,2883,3028,8,1
3438,2883,3028,8,2
3439,2883,3028,8,1
3440,2883,3028,8,2
3441,3055,3154,8,1
3442,3055,3154,8,2
3443,3055,3154,8,1
3444,3055,3154,8,2
3445,3055,3154,8,1
3446,3055,3154,8,2
3447,3055,3154,8,1
3448,3055,3154,8,2
3449,3055,2802,8,1
3450,3055,2802,8,2
3451,3055,2802,8,1
3452,3055,2802,8,2
3453,3055,2802,8,1
3454,3055,2802,8,2
3455,3055,2802,8,1
3456,3055,2802,8,2
3457,3055,2930,8,1
3458,3055,2930,8,2
3459,3055,2930,8,1
3460,3055,2930,8,2
3461,3055,2930,8,1
3462,3055,2930,8,2
3463,3055,2930,8,1
3464,3055,2930,8,2
3465,3055,2968,8,1
3466,3055,2968,8,2
3467,3055,2968,8,1
3468,3055,2968,8,2
3469,3055,2968,8,1
3470,3055,2968,8,2
3471,3055,2968,8,1
3472,3055,2968,8,2
3473,3055,2942,8,1
3474,3055,2942,8,2
3475,3055,2942,8,1
3476,3055,2942,8,2
3477,3055,2942,8,1
3478,3055,2942,8,2
3479,3055,2942,8,1
3480,3055,2942,8,2
3481,3051,3146,8,1
3482,3051,3146,8,2
3483,3051,3146,8,1
3484,3051,3146,8,2
3485,3051,3146,8,1
3486,3051,3146,8,2
3487,3051,3146,8,1
3488,3051,3146,8,2
3489,3051,3150,8,1
3490,3051,3150,8,2
3491,3051,3150,8,1
3492,3051,3150,8,2
3493,3051,3150,8,1
3494,3051,3150,8,2
3495,3051,3150,8,1
3496,3051,3150,8,2
3497,3051,3086,8,1
3498,3051,3086,8,2
3499,3051,3086,8,1
3500,3051,3086,8,2
3501,3051,3086,8,1
3502,3051,3086,8,2
3503,3051,3086,8,1
3504,3051,3086,8,2
3505,3051,2954,8,1
3506,3051,2954,8,2
3507,3051,2954,8,1
3508,3051,2954,8,2
3509,3051,2954,8,1
3510,3051,2954,8,2
3511,3051,2954,8,1
3512,3051,2954,8,2
3513,3051,2808,8,1
3514,3051,2808,8,2
3515,3051,2808,8,1
3516,3051,2808,8,2
3517,3051,2808,8,1
3518,3051,2808,8,2
3519,3051,2808,8,1
3520,3051,2808,8,2
3521,3053,3142,8,1
3522,3053,3142,8,2
3523,3053,3142,8,1
3524,3053,3142,8,2
3525,3053,3142,8,1
3526,3053,3142,8,2
3527,3053,3142,8,1
3528,3053,3142,8,2
3529,3053,3064,8,1
3530,3053,3064,8,2
3531,3053,3064,8,1
3532,3053,3064,8,2
3533,3053,3064,8,1
3534,3053,3064,8,2
3535,3053,3064,8,1
3536,3053,3064,8,2
3537,3053,3050,8,1
3538,3053,3050,8,2
3539,3053,3050,8,1
3540,3053,3050,8,2
3541,3053,3050,8,1
3542,3053,3050,8,2
3543,3053,3050,8,1
3544,3053,3050,8,2
3545,3053,2860,8,1
3546,3053,2860,8,2
3547,3053,2860,8,1
3548,3053,2860,8,2
3549,3053,2860,8,1
3550,3053,2860,8,2
3551,3053,2860,8,1
3552,3053,2860,8,2
3553,3053,2832,8,1
3554,3053,2832,8,2
3555,3053,2832,8,1
3556,3053,2832,8,2
3557,3053,2832,8,1
3558,3053,2832,8,2
3559,3053,2832,8,1
3560,3053,2832,8,2
3561,3049,3052,8,1
3562,3049,3052,8,2
3563,3049,3052,8,1
3564,3049,3052,8,2
3565,3049,3052,8,1
3566,3049,3052,8,2
3567,3049,3052,8,1
3568,3049,3052,8,2
3569,3049,3100,8,1
3570,3049,3100,8,2
3571,3049,3100,8,1
3572,3049,3100,8,2
3573,3049,3100,8,1
3574,3049,3100,8,2
3575,3049,3100,8,1
3576,3049,3100,8,2
3577,3049,3048,8,1
3578,3049,3048,8,2
3579,3049,3048,8,1
3580,3049,3048,8,2
3581,3049,3048,8,1
3582,3049,3048,8,2
3583,3049,3048,8,1
3584,3049,3048,8,2
3585,3049,2828,8,1
3586,3049,2828,8,2
3587,3049,2828,8,1
3588,3049,2828,8,2
3589,3049,2828,8,1
3590,3049,2828,8,2
3591,3049,2828,8,1
3592,3049,2828,8,2
3593,3049,3140,8,1
3594,3049,3140,8,2
3595,3049,3140,8,1
3596,3049,3140,8,2
3597,3049,3140,8,1
3598,3049,3140,8,2
3599,3049,3140,8,1
3600,3049,3140,8,2
3601,3593,3586,9,1
3602,3593,3586,9,2
3603,3593,3586,9,1
3604,3593,3586,9,2
3605,3593,3586,9,1
3606,3593,3586,9,2
3607,3593,3586,9,1
3608,3593,3586,9,2
3609,3593,3558,9,1
3610,3593,3558,9,2
3611,3593,3558,9,1
3612,3593,3558,9,2
3613,3593,3558,9,1
3614,3593,3558,9,2
3615,3593,3558,9,1
3616,3593,3558,9,2
3617,3593,3404,9,1
3618,3593,3404,9,2
3619,3593,3404,9,1
3620,3593,3404,9,2
3621,3593,3404,9,1
3622,3593,3404,9,2
3623,3593,3404,9,1
3624,3593,3404,9,2
3625,3593,3402,9,1
3626,3593,3402,9,2
3627,3593,3402,9,1
3628,3593,3402,9,2
3629,3593,3402,9,1
3630,3593,3402,9,2
3631,3593,3402,9,1
3632,3593,3402,9,2
3633,3593,3254,9,1
3634,3593,3254,9,2
3635,3593,3254,9,1
3636,3593,3254,9,2
3637,3593,3254,9,1
3638,3593,3254,9,2
3639,3593,3254,9,1
3640,3593,3254,9,2
3641,3541,3530,9,1
3642,3541,3530,9,2
3643,3541,3530,9,1
3644,3541,3530,9,2
3645,3541,3530,9,1
3646,3541,3530,9,2
3647,3541,3530,9,1
3648,3541,3530,9,2
3649,3541,3454,9,1
3650,3541,3454,9,2
3651,3541,3454,9,1
3652,3541,3454,9,2
3653,3541,3454,9,1
3654,3541,3454,9,2
3655,3541,3454,9,1
3656,3541,3454,9,2
3657,3541,3568,9,1
3658,3541,3568,9,2
3659,3541,3568,9,1
3660,3541,3568,9,2
3661,3541,3568,9,1
3662,3541,3568,9,2
3663,3541,3568,9,1
3664,3541,3568,9,2
3665,3541,3582,9,1
3666,3541,3582,9,2
3667,3541,3582,9,1
3668,3541,3582,9,2
3669,3541,3582,9,1
3670,3541,3582,9,2
3671,3541,3582,9,1
3672,3541,3582,9,2
3673,3541,3526,9,1
3674,3541,3526,9,2
3675,3541,3526,9,1
3676,3541,3526,9,2
3677,3541,3526,9,1
3678,3541,3526,9,2
3679,3541,3526,9,1
3680,3541,3526,9,2
3681,3523,3594,9,1
3682,3523,3594,9,2
3683,3523,3594,9,1
3684,3523,3594,9,2
3685,3523,3594,9,1
3686,3523,3594,9,2
3687,3523,3594,9,1
3688,3523,3594,9,2
3689,3523,3322,9,1
3690,3523,3322,9,2
3691,3523,3322,9,1
3692,3523,3322,9,2
3693,3523,3322,9,1
3694,3523,3322,9,2
3695,3523,3322,9,1
3696,3523,3322,9,2
3697,3523,3564,9,1
3698,3523,3564,9,2
3699,3523,3564,9,1
3700,3523,3564,9,2
3701,3523,3564,9,1
3702,3523,3564,9,2
3703,3523,3564,9,1
3704,3523,3564,9,2
3705,3523,3470,9,1
3706,3523,3470,9,2
3707,3523,3470,9,1
3708,3523,3470,9,2
3709,3523,3470,9,1
3710,3523,3470,9,2
3711,3523,3470,9,1
3712,3523,3470,9,2
3713,3523,3554,9,1
3714,3523,3554,9,2
3715,3523,3554,9,1
3716,3523,3554,9,2
3717,3523,3554,9,1
3718,3523,3554,9,2
3719,3523,3554,9,1
3720,3523,3554,9,2
3721,3599,3578,9,1
3722,3599,3578,9,2
3723,3599,3578,9,1
3724,3599,3578,9,2
3725,3599,3578,9,1
3726,3599,3578,9,2
3727,3599,3578,9,1
3728,3599,3578,9,2
3729,3599,3562,9,1
3730,3599,3562,9,2
3731,3599,3562,9,1
3732,3599,3562,9,2
3733,3599,3562,9,1
3734,3599,3562,9,2
3735,3599,3562,9,1
3736,3599,3562,9,2
3737,3599,3246,9,1
3738,3599,3246,9,2
3739,3599,3246,9,1
3740,3599,3246,9,2
3741,3599,3246,9,1
3742,3599,3246,9,2
3743,3599,3246,9,1
3744,3599,3246,9,2
3745,3599,3538,9,1
3746,3599,3538,9,2
3747,3599,3538,9,1
3748,3599,3538,9,2
3749,3599,3538,9,1
3750,3599,3538,9,2
3751,3599,3538,9,1
3752,3599,3538,9,2
3753,3599,3584,9,1
3754,3599,3584,9,2
3755,3599,3584,9,1
3756,3599,3584,9,2
3757,3599,3584,9,1
3758,3599,3584,9,2
3759,3599,3584,9,1
3760,3599,3584,9,2
3761,3583,3360,9,1
3762,3583,3360,9,2
3763,3583,3360,9,1
3764,3583,3360,9,2
3765,3583,3360,9,1
3766,3583,3360,9,2
3767,3583,3360,9,1
3768,3583,3360,9,2
3769,3583,3256,9,1
3770,3583,3256,9,2
3771,3583,3256,9,1
3772,3583,3256,9,2
3773,3583,3256,9,1
3774,3583,3256,9,2
3775,3583,3256,9,1
3776,3583,3256,9,2
3777,3583,3590,9,1
3778,3583,3590,9,2
3779,3583,3590,9,1
3780,3583,3590,9,2
3781,3583,3590,9,1
3782,3583,3590,9,2
3783,3583,3590,9,1
3784,3583,3590,9,2
3785,3583,3236,9,1
3786,3583,3236,9,2
3787,3583,3236,9,1
3788,3583,3236,9,2
3789,3583,3236,9,1
3790,3583,3236,9,2
3791,3583,3236,9,1
3792,3583,3236,9,2
3793,3583,3534,9,1
3794,3583,3534,9,2
3795,3583,3534,9,1
3796,3583,3534,9,2
3797,3583,3534,9,1
3798,3583,3534,9,2
3799,3583,3534,9,1
3800,3583,3534,9,2
3801,3595,3552,9,1
3802,3595,3552,9,2
3803,3595,3552,9,1
3804,3595,3552,9,2
3805,3595,3552,9,1
3806,3595,3552,9,2
3807,3595,3552,9,1
3808,3595,3552,9,2
3809,3595,3540,9,1
3810,3595,3540,9,2
3811,3595,3540,9,1
3812,3595,3540,9,2
3813,3595,3540,9,1
3814,3595,3540,9,2
3815,3595,3540,9,1
3816,3595,3540,9,2
3817,3595,3418,9,1
3818,3595,3418,9,2
3819,3595,3418,9,1
3820,3595,3418,9,2
3821,3595,3418,9,1
3822,3595,3418,9,2
3823,3595,3418,9,1
3824,3595,3418,9,2
3825,3595,3368,9,1
3826,3595,3368,9,2
3827,3595,3368,9,1
3828,3595,3368,9,2
3829,3595,3368,9,1
3830,3595,3368,9,2
3831,3595,3368,9,1
3832,3595,3368,9,2
3833,3595,3580,9,1
3834,3595,3580,9,2
3835,3595,3580,9,1
3836,3595,3580,9,2
3837,3595,3580,9,1
3838,3595,3580,9,2
3839,3595,3580,9,1
3840,3595,3580,9,2
3841,3577,3358,9,1
3842,3577,3358,9,2
3843,3577,3358,9,1
3844,3577,3358,9,2
3845,3577,3358,9,1
3846,3577,3358,9,2
3847,3577,3358,9,1
3848,3577,3358,9,2
3849,3577,3528,9,1
3850,3577,3528,9,2
3851,3577,3528,9,1
3852,3577,3528,9,2
3853,3577,3528,9,1
3854,3577,3528,9,2
3855,3577,3528,9,1
3856,3577,3528,9,2
3857,3577,3506,9,1
3858,3577,3506,9,2
3859,3577,3506,9,1
3860,3577,3506,9,2
3861,3577,3506,9,1
3862,3577,3506,9,2
3863,3577,3506,9,1
3864,3577,3506,9,2
3865,3577,3532,9,1
3866,3577,3532,9,2
3867,3577,3532,9,1
3868,3577,3532,9,2
3869,3577,3532,9,1
3870,3577,3532,9,2
3871,3577,3532,9,1
3872,3577,3532,9,2
3873,3577,3596,9,1
3874,3577,3596,9,2
3875,3577,3596,9,1
3876,3577,3596,9,2
3877,3577,3596,9,1
3878,3577,3596,9,2
3879,3577,3596,9,1
3880,3577,3596,9,2
3881,3565,3448,9,1
3882,3565,3448,9,2
3883,3565,3448,9,1
3884,3565,3448,9,2
3885,3565,3448,9,1
3886,3565,3448,9,2
3887,3565,3448,9,1
3888,3565,3448,9,2
3889,3565,3542,9,1
3890,3565,3542,9,2
3891,3565,3542,9,1
3892,3565,3542,9,2
3893,3565,3542,9,1
3894,3565,3542,9,2
3895,3565,3542,9,1
3896,3565,3542,9,2
3897,3565,3396,9,1
3898,3565,3396,9,2
3899,3565,3396,9,1
3900,3565,3396,9,2
3901,3565,3396,9,1
3902,3565,3396,9,2
3903,3565,3396,9,1
3904,3565,3396,9,2
3905,3565,3524,9,1
3906,3565,3524,9,2
3907,3565,3524,9,1
3908,3565,3524,9,2
3909,3565,3524,9,1
3910,3565,3524,9,2
3911,3565,3524,9,1
3912,3565,3524,9,2
3913,3565,3356,9,1
3914,3565,3356,9,2
3915,3565,3356,9,1
3916,3565,3356,9,2
3917,3565,3356,9,1
3918,3565,3356,9,2
3919,3565,3356,9,1
3920,3565,3356,9,2
3921,3527,3598,9,1
3922,3527,3598,9,2
3923,3527,3598,9,1
3924,3527,3598,9,2
3925,3527,3598,9,1
3926,3527,3598,9,2
3927,3527,3598,9,1
3928,3527,3598,9,2
3929,3527,3432,9,1
3930,3527,3432,9,2
3931,3527,3432,9,1
3932,3527,3432,9,2
3933,3527,3432,9,1
3934,3527,3432,9,2
3935,3527,3432,9,1
3936,3527,3432,9,2
3937,3527,3566,9,1
3938,3527,3566,9,2
3939,3527,3566,9,1
3940,3527,3566,9,2
3941,3527,3566,9,1
3942,3527,3566,9,2
3943,3527,3566,9,1
3944,3527,3566,9,2
3945,3527,3600,9,1
3946,3527,3600,9,2
3947,3527,3600,9,1
3948,3527,3600,9,2
3949,3527,3600,9,1
3950,3527,3600,9,2
3951,3527,3600,9,1
3952,3527,3600,9,2
3953,3527,3340,9,1
3954,3527,3340,9,2
3955,3527,3340,9,1
3956,3527,3340,9,2
3957,3527,3340,9,1
3958,3527,3340,9,2
3959,3527,3340,9,1
3960,3527,3340,9,2
3961,3537,3364,9,1
3962,3537,3364,9,2
3963,3537,3364,9,1
3964,3537,3364,9,2
3965,3537,3364,9,1
3966,3537,3364,9,2
3967,3537,3364,9,1
3968,3537,3364,9,2
3969,3537,3544,9,1
3970,3537,3544,9,2
3971,3537,3544,9,1
3972,3537,3544,9,2
3973,3537,3544,9,1
3974,3537,3544,9,2
3975,3537,3544,9,1
3976,3537,3544,9,2
3977,3537,3408,9,1
3978,3537,3408,9,2
3979,3537,3408,9,1
3980,3537,3408,9,2
3981,3537,3408,9,1
3982,3537,3408,9,2
3983,3537,3408,9,1
3984,3537,3408,9,2
3985,3537,3522,9,1
3986,3537,3522,9,2
3987,3537,3522,9,1
3988,3537,3522,9,2
3989,3537,3522,9,1
3990,3537,3522,9,2
3991,3537,3522,9,1
3992,3537,3522,9,2
3993,3537,3344,9,1
3994,3537,3344,9,2
3995,3537,3344,9,1
3996,3537,3344,9,2
3997,3537,3344,9,1
3998,3537,3344,9,2
3999,3537,3344,9,1
4000,3537,3344,9,2
4001,3911,3612,10,1
4002,3911,3612,10,2
4003,3911,3612,10,1
4004,3911,3612,10,2
4005,3911,3612,10,1
4006,3911,3612,10,2
4007,3911,3612,10,1
4008,3911,3612,10,2
4009,3911,3610,10,1
4010,3911,3610,10,2
4011,3911,3610,10,1
4012,3911,3610,10,2
4013,3911,3610,10,1
4014,3911,3610,10,2
4015,3911,3610,10,1
4016,3911,3610,10,2
4017,3911,3840,10,1
4018,3911,3840,10,2
4019,3911,3840,10,1
4020,3911,3840,10,2
4021,3911,3840,10,1
4022,3911,3840,10,2
4023,3911,3840,10,1
4024,3911,3840,10,2
4025,3911,3762,10,1
4026,3911,3762,10,2
4027,3911,3762,10,1
4028,3911,3762,10,2
4029,3911,3762,10,1
4030,3911,3762,10,2
4031,3911,3762,10,1
4032,3911,3762,10,2
4033,3911,3922,10,1
4034,3911,3922,10,2
4035,3911,3922,10,1
4036,3911,3922,10,2
4037,3911,3922,10,1
4038,3911,3922,10,2
4039,3911,3922,10,1
4040,3911,3922,10,2
4041,3781,3626,10,1
4042,3781,3626,10,2
4043,3781,3626,10,1
4044,3781,3626,10,2
4045,3781,3626,10,1
4046,3781,3626,10,2
4047,3781,3626,10,1
4048,3781,3626,10,2
4049,3781,3730,10,1
4050,3781,3730,10,2
4051,3781,3730,10,1
4052,3781,3730,10,2
4053,3781,3730,10,1
4054,3781,3730,10,2
4055,3781,3730,10,1
4056,3781,3730,10,2
4057,3781,3792,10,1
4058,3781,3792,10,2
4059,3781,3792,10,1
4060,3781,3792,10,2
4061,3781,3792,10,1
4062,3781,3792,10,2
4063,3781,3792,10,1
4064,3781,3792,10,2
4065,3781,3632,10,1
4066,3781,3632,10,2
4067,3781,3632,10,1
4068,3781,3632,10,2
4069,3781,3632,10,1
4070,3781,3632,10,2
4071,3781,3632,10,1
4072,3781,3632,10,2
4073,3781,3920,10,1
4074,3781,3920,10,2
4075,3781,3920,10,1
4076,3781,3920,10,2
4077,3781,3920,10,1
4078,3781,3920,10,2
4079,3781,3920,10,1
4080,3781,3920,10,2
4081,3925,3748,10,1
4082,3925,3748,10,2
4083,3925,3748,10,1
4084,3925,3748,10,2
4085,3925,3748,10,1
4086,3925,3748,10,2
4087,3925,3748,10,1
4088,3925,3748,10,2
4089,3925,3786,10,1
4090,3925,3786,10,2
4091,3925,3786,10,1
4092,3925,3786,10,2
4093,3925,3786,10,1
4094,3925,3786,10,2
4095,3925,3786,10,1
4096,3925,3786,10,2
4097,3925,3714,10,1
4098,3925,3714,10,2
4099,3925,3714,10,1
4100,3925,3714,10,2
4101,3925,3714,10,1
4102,3925,3714,10,2
4103,3925,3714,10,1
4104,3925,3714,10,2
4105,3925,3624,10,1
4106,3925,3624,10,2
4107,3925,3624,10,1
4108,3925,3624,10,2
4109,3925,3624,10,1
4110,3925,3624,10,2
4111,3925,3624,10,1
4112,3925,3624,10,2
4113,3925,3884,10,1
4114,3925,3884,10,2
4115,3925,3884,10,1
4116,3925,3884,10,2
4117,3925,3884,10,1
4118,3925,3884,10,2
4119,3925,3884,10,1
4120,3925,3884,10,2
4121,3921,3606,10,1
4122,3921,3606,10,2
4123,3921,3606,10,1
4124,3921,3606,10,2
4125,3921,3606,10,1
4126,3921,3606,10,2
4127,3921,3606,10,1
4128,3921,3606,10,2
4129,3921,3764,10,1
4130,3921,3764,10,2
4131,3921,3764,10,1
4132,3921,3764,10,2
4133,3921,3764,10,1
4134,3921,3764,10,2
4135,3921,3764,10,1
4136,3921,3764,10,2
4137,3921,3682,10,1
4138,3921,3682,10,2
4139,3921,3682,10,1
4140,3921,3682,10,2
4141,3921,3682,10,1
4142,3921,3682,10,2
4143,3921,3682,10,1
4144,3921,3682,10,2
4145,3921,3780,10,1
4146,3921,3780,10,2
4147,3921,3780,10,1
4148,3921,3780,10,2
4149,3921,3780,10,1
4150,3921,3780,10,2
4151,3921,3780,10,1
4152,3921,3780,10,2
4153,3921,3788,10,1
4154,3921,3788,10,2
4155,3921,3788,10,1
4156,3921,3788,10,2
4157,3921,3788,10,1
4158,3921,3788,10,2
4159,3921,3788,10,1
4160,3921,3788,10,2
4161,3629,3734,10,1
4162,3629,3734,10,2
4163,3629,3734,10,1
4164,3629,3734,10,2
4165,3629,3734,10,1
4166,3629,3734,10,2
4167,3629,3734,10,1
4168,3629,3734,10,2
4169,3629,3640,10,1
4170,3629,3640,10,2
4171,3629,3640,10,1
4172,3629,3640,10,2
4173,3629,3640,10,1
4174,3629,3640,10,2
4175,3629,3640,10,1
4176,3629,3640,10,2
4177,3629,3908,10,1
4178,3629,3908,10,2
4179,3629,3908,10,1
4180,3629,3908,10,2
4181,3629,3908,10,1
4182,3629,3908,10,2
4183,3629,3908,10,1
4184,3629,3908,10,2
4185,3629,3794,10,1
4186,3629,3794,10,2
4187,3629,3794,10,1
4188,3629,3794,10,2
4189,3629,3794,10,1
4190,3629,3794,10,2
4191,3629,3794,10,1
4192,3629,3794,10,2
4193,3629,3778,10,1
4194,3629,3778,10,2
4195,3629,3778,10,1
4196,3629,3778,10,2
4197,3629,3778,10,1
4198,3629,3778,10,2
4199,3629,3778,10,1
4200,3629,3778,10,2
4201,3783,3630,10,1
4202,3783,3630,10,2
4203,3783,3630,10,1
4204,3783,3630,10,2
4205,3783,3630,10,1
4206,3783,3630,10,2
4207,3783,3630,10,1
4208,3783,3630,10,2
4209,3783,3756,10,1
4210,3783,3756,10,2
4211,3783,3756,10,1
4212,3783,3756,10,2
4213,3783,3756,10,1
4214,3783,3756,10,2
4215,3783,3756,10,1
4216,3783,3756,10,2
4217,3783,3718,10,1
4218,3783,3718,10,2
4219,3783,3718,10,1
4220,3783,3718,10,2
4221,3783,3718,10,1
4222,3783,3718,10,2
4223,3783,3718,10,1
4224,3783,3718,10,2
4225,3783,3916,10,1
4226,3783,3916,10,2
4227,3783,3916,10,1
4228,3783,3916,10,2
4229,3783,3916,10,1
4230,3783,3916,10,2
4231,3783,3916,10,1
4232,3783,3916,10,2
4233,3783,3774,10,1
4234,3783,3774,10,2
4235,3783,3774,10,1
4236,3783,3774,10,2
4237,3783,3774,10,1
4238,3783,3774,10,2
4239,3783,3774,10,1
4240,3783,3774,10,2
4241,3909,3906,10,1
4242,3909,3906,10,2
4243,3909,3906,10,1
4244,3909,3906,10,2
4245,3909,3906,10,1
4246,3909,3906,10,2
4247,3909,3906,10,1
4248,3909,3906,10,2
4249,3909,3912,10,1
4250,3909,3912,10,2
4251,3909,3912,10,1
4252,3909,3912,10,2
4253,3909,3912,10,1
4254,3909,3912,10,2
4255,3909,3912,10,1
4256,3909,3912,10,2
4257,3909,3898,10,1
4258,3909,3898,10,2
4259,3909,3898,10,1
4260,3909,3898,10,2
4261,3909,3898,10,1
4262,3909,3898,10,2
4263,3909,3898,10,1
4264,3909,3898,10,2
4265,3909,3768,10,1
4266,3909,3768,10,2
4267,3909,3768,10,1
4268,3909,3768,10,2
4269,3909,3768,10,1
4270,3909,3768,10,2
4271,3909,3768,10,1
4272,3909,3768,10,2
4273,3909,3770,10,1
4274,3909,3770,10,2
4275,3909,3770,10,1
4276,3909,3770,10,2
4277,3909,3770,10,1
4278,3909,3770,10,2
4279,3909,3770,10,1
4280,3909,3770,10,2
4281,3793,3790,10,1
4282,3793,3790,10,2
4283,3793,3790,10,1
4284,3793,3790,10,2
4285,3793,3790,10,1
4286,3793,3790,10,2
4287,3793,3790,10,1
4288,3793,3790,10,2
4289,3793,3758,10,1
4290,3793,3758,10,2
4291,3793,3758,10,1
4292,3793,3758,10,2
4293,3793,3758,10,1
4294,3793,3758,10,2
4295,3793,3758,10,1
4296,3793,3758,10,2
4297,3793,3796,10,1
4298,3793,3796,10,2
4299,3793,3796,10,1
4300,3793,3796,10,2
4301,3793,3796,10,1
4302,3793,3796,10,2
4303,3793,3796,10,1
4304,3793,3796,10,2
4305,3793,3854,10,1
4306,3793,3854,10,2
4307,3793,3854,10,1
4308,3793,3854,10,2
4309,3793,3854,10,1
4310,3793,3854,10,2
4311,3793,3854,10,1
4312,3793,3854,10,2
4313,3793,3856,10,1
4314,3793,3856,10,2
4315,3793,3856,10,1
4316,3793,3856,10,2
4317,3793,3856,10,1
4318,3793,3856,10,2
4319,3793,3856,10,1
4320,3793,3856,10,2
4321,3631,3616,10,1
4322,3631,3616,10,2
4323,3631,3616,10,1
4324,3631,3616,10,2
4325,3631,3616,10,1
4326,3631,3616,10,2
4327,3631,3616,10,1
4328,3631,3616,10,2
4329,3631,3724,10,1
4330,3631,3724,10,2
4331,3631,3724,10,1
4332,3631,3724,10,2
4333,3631,3724,10,1
4334,3631,3724,10,2
4335,3631,3724,10,1
4336,3631,3724,10,2
4337,3631,3882,10,1
4338,3631,3882,10,2
4339,3631,3882,10,1
4340,3631,3882,10,2
4341,3631,3882,10,1
4342,3631,3882,10,2
4343,3631,3882,10,1
4344,3631,3882,10,2
4345,3631,3928,10,1
4346,3631,3928,10,2
4347,3631,3928,10,1
4348,3631,3928,10,2
4349,3631,3928,10,1
4350,3631,3928,10,2
4351,3631,3928,10,1
4352,3631,3928,10,2
4353,3631,3910,10,1
4354,3631,3910,10,2
4355,3631,3910,10,1
4356,3631,3910,10,2
4357,3631,3910,10,1
4358,3631,3910,10,2
4359,3631,3910,10,1
4360,3631,3910,10,2
4361,3905,3926,10,1
4362,3905,3926,10,2
4363,3905,3926,10,1
4364,3905,3926,10,2
4365,3905,3926,10,1
4366,3905,3926,10,2
4367,3905,3926,10,1
4368,3905,3926,10,2
4369,3905,3750,10,1
4370,3905,3750,10,2
4371,3905,3750,10,1
4372,3905,3750,10,2
4373,3905,3750,10,1
4374,3905,3750,10,2
4375,3905,3750,10,1
4376,3905,3750,10,2
4377,3905,3608,10,1
4378,3905,3608,10,2
4379,3905,3608,10,1
4380,3905,3608,10,2
4381,3905,3608,10,1
4382,3905,3608,10,2
4383,3905,3608,10,1
4384,3905,3608,10,2
4385,3905,3902,10,1
4386,3905,3902,10,2
4387,3905,3902,10,1
4388,3905,3902,10,2
4389,3905,3902,10,1
4390,3905,3902,10,2
4391,3905,3902,10,1
4392,3905,3902,10,2
4393,3905,3924,10,1
4394,3905,3924,10,2
4395,3905,3924,10,1
4396,3905,3924,10,2
4397,3905,3924,10,1
4398,3905,3924,10,2
4399,3905,3924,10,1
4400,3905,3924,10,2
